t,y,m
-0.8306180130007635,-1.2797760711982775,-0.48712957640004967
1.2847054444994699,4.3017827782818925,1.4358171434841716
1.1631506233179558,3.144531844241105,1.0274683209670095
-0.7036585553739003,-2.2103334729748023,-0.8739154708384518
0.8544182791602668,3.513929823202434,1.1170201440161813
-0.44476928271339544,-1.138438053964399,-0.4551199039474682
-0.5450489629436586,-1.675178410055828,-0.4930958896237631
0.31702055886045966,0.9862790784289855,0.3630756146406383
0.6039683229892685,1.621950703281443,0.6258234712382387
-0.235332704926917,-0.07342901456419143,-0.04650350626907235
0.3076989026910585,0.7889794832980837,0.1982465872198771
1.4389835565142906,4.135412807264949,1.4306835925448373
0.9257847361932743,2.7342287023367247,0.9181680674062201
1.6624593405729267,5.704315061955543,1.9157281612153636
0.18492233135495573,0.26079575485795653,0.16635548317322973
-0.4039872896763032,-0.920232658945678,-0.32726998113504163
0.6918329046956514,1.0621472865077308,0.22379618409842594
-1.7766825864297748,-5.602623546234824,-1.9082909733887399
1.1092829239283404,3.629451799957335,1.1378814630472385
-1.7950208319142138,-5.54830394265072,-1.7898875885866399
-0.23989755074161506,-1.5897844784277606,-0.298977804253517
-0.9858904162370326,-3.029826367337545,-1.043550013780157
-0.9657515895823477,-3.3277272607361827,-1.038317898219313
-0.8732862074263353,-2.2348928320384007,-0.7459926332067562
-0.33506185878858,-0.6377865485570351,-0.3027894728406354
-0.547563526422167,-1.6377987059071966,-0.43860833752487594
0.21373754399093353,0.5608941566639275,0.14326709367481377
1.1980267839873568,3.3954834222617336,1.1692546455822512
2.185114797420962,6.920947086622266,2.2183952314311637
0.24851650956931814,0.8120076994037645,0.27441916805610284
1.2493516937147935,3.8322350159472753,1.2789776945112241
-0.406573027210845,-1.4445901705915136,-0.576319945816462
1.9581264148935378,5.856840011961214,2.149504531720567
1.4124591635503698,4.605696851546891,1.4045002337290222
-0.9457141471461534,-2.9017706339931046,-0.9035236807800363
-0.8126654005772317,-2.4837210021313614,-0.8822342180473242
1.0173934997761962,3.0596358176417775,0.9416040561799917
-1.349397391632643,-3.8851141761133223,-1.3360970096623503
-1.7325679269158247,-5.142250969799652,-1.6547321960161239
-0.6854503689301173,-2.1424922255829952,-0.48786792928802225
-1.294384440603708,-4.3351088988218685,-1.4731093952269974
-0.367260181420845,-2.274799072908476,-0.7465698796732614
-1.0741104046575853,-3.6769454876057814,-1.0972601791280066
0.5991414043427497,1.5679306743695636,0.562262016940606
0.6190571787681325,1.8014466768735524,0.6419225551891101
-0.10542255318212806,-0.49540777562573035,-0.24281181924511186
-0.33674135326475807,-0.6215634155076941,-0.19728378340035144
0.6337513935567125,2.216635919514916,0.7175086078825635
-0.9360665382356378,-2.1927786783424015,-0.7543571347890726
-0.8875358306470399,-2.5567883720947213,-0.8854763760314409
1.440369891626252,3.95298225272415,1.1658917650780283
0.030630140802666975,0.6090249321897405,0.14364355778710258
-0.42399807908430776,-1.681599380288939,-0.6878837622909515
0.8143428640411934,2.8408222088430977,0.991435119208012
1.5648231593982578,4.231828173118558,1.4062490604934763
-1.7943055943511803,-4.911843195237625,-1.7542683576892437
1.9459857613385383,5.608820062991188,1.9104568865730727
1.0456890461719726,3.0034310556119084,0.9564194414823263
0.28085611876871747,1.3662857123980756,0.3922602019524777
-0.4540383984572934,-0.5446380601427767,-0.1917780530310207
1.6536419941458795,5.072700212133119,1.5554677780639257
-1.316497955831404,-4.104776812721382,-1.587136528945389
1.131462226893347,3.3288064395622707,1.1643454449709667
-0.3055246182088858,-1.0383509759200613,-0.41229135058625876
-0.6236017694087251,-1.3719758206161459,-0.42889996247892004
0.49263440005136044,0.9471934419235812,0.15511900119996852
-1.184348892512524,-4.4603566746721,-1.4169715839260053
0.37142953731396633,0.9004671861544419,0.3874325392027686
0.6688287305922219,1.9686914436342917,0.5991893018715465
-0.2497586723461573,-0.9827575268309661,-0.3448701919240046
0.43749031947541694,1.1616498637412533,0.26250321854521474
-0.5459707796329507,-2.1554726807894187,-0.8357199235291151
0.7193376534859985,1.769168831475097,0.5118788558082805
-0.4524946993375543,-1.358872165446691,-0.4653077804369743
-0.21693000008850205,-1.7110367091929959,-0.562644112000563
0.2641750262820366,1.0574339932862429,0.3745647619592747
-0.04401556756625216,-0.10100128941926183,-0.11019635726677753
-0.16193233149756414,0.21860507626591405,0.1610350813382343
-0.8308199796745999,-2.2019629680430453,-0.7077207284501411
1.6463579160720714,5.568770642249144,1.8052861875294202
0.037138838587950716,-0.9122851428351186,-0.4132785082583707
1.5199365229440074,4.710318683995304,1.4395825152780464
0.8202947233446998,1.6937207106459116,0.5558711914455357
0.6626246875660755,2.4557339953679134,0.6566713003188619
1.3974311754234454,3.307594437164292,1.0053190843796551
0.34014935380652145,1.509601082715272,0.3303334823292941
-0.3599130337964528,-0.9087854080358417,-0.32348293955416696
-0.32281292570228637,-0.6875357992060782,-0.20670674273736278
-1.2213488541652036,-3.571965226140122,-1.150181640320122
1.2655130234728473,3.430708428316724,1.1168977661420216
2.2178022392506405,6.537139463134519,2.2093614410779874
-0.8910747983943158,-2.2527363440540653,-0.807926864346947
0.5104459394051997,1.5558970830574739,0.5593417297599386
0.5982206265782904,1.774298681963093,0.5894591396218232
-1.8888760482108817,-4.851089507584628,-1.6721989762340517
0.23509328470249974,0.39492995258461877,0.044898521027364774
0.5561701792471118,2.1320484194416482,0.6400049411049986
0.2717358402081669,0.9221984134832409,0.35301235534874925
1.5088733362423188,4.359024884322004,1.3343255682210977
1.0564457336012676,3.7775117841441217,1.3870613590314047
0.49078510756320504,0.7640075309705655,0.1501843110676323
-0.06707311371343133,-0.47219430933672835,-0.22860239084030595
-1.255053357378192,-3.9383118846093415,-1.3222139378879074
1.373423638551588,4.045693209909411,1.260208072136401
0.12242035061218602,0.44847344728829136,0.24516580880893118
-0.37882393852852153,-0.7904940381681561,-0.25551896661159706
-0.825247016495356,-1.3812294722079639,-0.5037890764058282
0.31438111071406544,0.5854404051002154,0.23614217497105977
-0.3658502714041412,-1.4703281442452967,-0.4596375726361633
-0.22609107234299075,-0.9099293211796886,-0.3003251497138014
-2.1018753989832404,-6.494983373067482,-2.120169157740754
-1.6677608064106153,-5.234697401494021,-1.7892086547996913
-0.32672639875003207,-1.401291816976699,-0.3775457482609205
-0.13570606179131683,-0.2282556297402023,-0.037100326760363
-0.26408899572869304,-0.4574389051715954,-0.08914237664613095
1.1059210236954453,3.612476541067993,1.2214741166990073
0.41319981671218264,1.633534060261882,0.43452313818550337
-0.021843194491158218,-0.1442879585620387,-0.07648214653625014
0.07453906895766854,-0.15659610593751996,-0.22254616305322045
-1.567245345628128,-4.525421798683318,-1.546152326535171
1.7253475396450302,4.778490089958625,1.6422558683991264
-0.7857700963378824,-2.9728270738381095,-1.0961735753664086
0.08460975637432057,0.0720848017965594,0.03441719564366538
-0.8057361992934505,-2.8610284367228243,-1.07172135122158
1.573136309678535,4.6575197557373,1.6280116591422011
1.3162424675332292,4.320411791952553,1.4365085651279765
-0.8050338469879568,-2.53775665390977,-0.8027269436817581
0.44891444299177125,1.3062811365557307,0.3921073645308869
-0.39495453742136,-1.6184858716913961,-0.49510717692646244
-0.747444842045747,-1.9859608282517096,-0.7452237282720617
-1.670180979614748,-5.850289403765007,-2.0019698750765587
-0.8450273703614386,-2.731330922924364,-1.123685350172084
0.06069094835947446,0.28117941424959025,-0.05986768939995765
-0.29056310794191964,-0.14670670911744746,-0.03880333351924714
-0.19203816337828641,-0.6115462072147875,-0.16853807055118242
0.08054056467771858,0.7113156075085959,0.2262212603595503
-1.1238311628983415,-3.025856515692965,-0.9805288572025805
0.14460914556553592,0.14515618782079429,0.16385860982347727
0.7781658864894097,2.6962553126310396,0.9081623182292435
0.48083458424637365,1.7591288990356522,0.7192293792981853
1.9965716428880484,6.240398038071399,2.1140350977257607
0.7198337935095149,2.681783435460547,0.890442210940503
0.43667039294311544,1.777556533932625,0.640610963277177
-0.6229284805735411,-1.8317147362759651,-0.5135382615690813
-0.491725948443781,-1.5476003138696404,-0.5828260685425014
1.3016011629697928,4.132666949362518,1.4808041752729042
1.3434919190603936,3.821210499908236,1.286985332721142
0.30283354118965844,0.7156256176503017,0.23459086426175413
-0.4532058170522496,-1.0211709083935931,-0.37494896314071224
0.15682793054201566,0.5483935383107645,0.26556623560425163
-0.34755078004921075,-1.7584084536759081,-0.6805295244421337
1.2628641143034924,4.425790855083196,1.3336935139984791
-0.2132995421494414,-0.1883848944510227,0.06379183521018433
2.4660150160597327,7.164708027417579,2.3567436576795022
-0.6357028020928212,-1.7464073507292797,-0.826554373573537
-0.5388982898984839,-1.7892611287270184,-0.6374446241067249
-0.29049101903104285,-1.3822148513740398,-0.470753983709816
-0.6873421841675594,-1.3211372905418808,-0.374032632424073
1.9116433612014259,5.441865335984529,1.9007910513266062
-0.301101970672853,-0.4223144995850294,-0.3436261969234241
0.5187447800415499,1.0717622363060542,0.4642738749773732
-0.5155439737640776,-0.8227502658242283,-0.33157717895141137
-0.7692759460154276,-2.3430524213558095,-0.7877134160124344
-1.2030410878793918,-3.449220484120121,-1.1451090209149672
-1.1949256008879168,-3.9449159738533597,-1.4520894207835553
-1.030781593650506,-3.2652315844972493,-1.0941154094530177
-1.2924247984621728,-3.0453316756433533,-1.0282504407676574
0.6136795734641411,1.5878324819557257,0.6030148342006533
0.23357018626912476,0.729544408030324,0.3134131714721386
-0.17772751380864613,-0.5280721272675785,0.0015388372245022652
-0.15527779891273014,-0.7800014533251585,-0.19552395708486775
0.6415776439303521,1.9176471383641316,0.612397529131424
-1.699474967416924,-5.715629488035166,-1.9708551120479227
-0.27821591582444405,-0.8281273502166256,-0.26498849778212585
2.240938763033054,6.209094030722888,2.0626436746840904
-0.6459557224005427,-2.2106338348886982,-0.7314928051801904
1.6938721073847942,4.946027043509116,1.648291227970841
0.030466339359837807,0.2045607941111464,0.10725404359901494
-3.0303183207862574,-8.515798343773442,-2.866308586461442
-0.18839928589953475,-0.21038113877186762,-0.09484038136361285
-1.8444519331019225,-4.932838282661411,-1.6807619868119457
0.6052024578709515,2.563334676589164,0.9881348991627399
-0.25265332611444247,-0.06805330973730808,-0.04955380925312966
0.9447090993893316,2.8377486292161866,0.9401666026793044
-1.6949105331064442,-5.0068897785315,-1.5520438790215834
0.07807486480837797,0.7372828394140822,0.3196371231101252
0.013273849071072957,-0.4117094704388369,-0.20600393455051028
0.08231273140487014,0.4322774177517872,0.10010873411986015
0.527083905038813,1.7782247942586271,0.6321931145112571
0.09142849439397213,-0.11281733917070383,-0.16089364577804524
-1.1104762733278963,-3.2727313861544434,-1.101511209835245
-0.05159653157287929,0.3511594689642177,0.1166605468746633
0.1870778572536758,0.9870933050321252,0.34471387209594706
0.055471592199369146,0.30906078711459356,0.002502691764278732
1.9120334141645274,5.845993465443006,1.9060701532645707
-0.054778354200972816,-0.3216227056901609,-0.023214902551620016
1.083176737855628,2.945845277091787,1.0489048556674878
0.4863018716011882,0.9137863579782057,0.3983416350255418
0.2440611474078815,0.255339648332263,-0.08078628177976618
-0.6672986996712126,-2.0589576445495084,-0.7415577621200178
-0.24558299276385265,-0.6723370631760157,-0.30568626182808195
1.1602231951115212,3.0768600899184446,1.2734595283988588
-0.9823130433860462,-3.063043882276622,-0.9426777978202437
1.535368302751304,4.4165701604973755,1.4510659739666416
-0.39198944453280155,-0.9602860639833485,-0.3071205237298078
-1.4378592308601226,-4.396509509172367,-1.4459968189279073
1.1676897727278048,4.34625369437427,1.440461751606648
-0.8509922092412254,-2.2277772991681077,-0.664349722164061
-1.1037232819748473,-2.9352798248903795,-0.7956786465636017
0.6301275074002447,1.8147482918099016,0.6222208652611617
-0.0878268737290617,-0.36960101205175655,0.011693310923911251
1.441786422649789,4.766886019505998,1.5514239521720379
1.3311073497388621,4.274019539495438,1.4999411475880486
1.1051494451800443,3.825395023047357,1.4380986986212614
1.3457620054399941,3.9571559039481823,1.3829844725115439
0.30924461615592513,0.8668252741866268,0.11483669547582429
-1.2554620809283294,-4.004699538886764,-1.2856115833963144
0.2233605118387912,0.49054324157374785,0.19264909536474148
0.11735474772391258,0.7483165509508533,0.2986132874173826
0.42193746480325395,0.9111383477938892,0.1813195258101144
0.867289701001462,3.120617249624361,0.9997403970856791
0.34054874715448014,0.7181180758630393,0.39814915866516015
-0.4461884279890395,-1.2247584470419626,-0.3552937886000101
-0.49504574971458015,-1.318893208284949,-0.4893329750638272
1.182456756748231,3.5364091560105475,1.2186613322403534
0.21410765902859374,0.7395998162103146,0.4576534455054001
-0.040168457006429015,0.030513441531913404,0.14086576171670642
0.5647592458684871,1.1681783420801535,0.5095131947629989
-0.45129089315716653,-1.0829626548353484,-0.3420826313817606
1.8904670834498503,5.356007780504641,1.781226862563704
-0.9450436697218216,-2.4553919316097286,-0.709796116500135
0.8722011764585209,3.21910027498613,0.9299804473824618
-1.1320809752173282,-3.487853963062472,-0.9444626014984383
-1.4921620679075955,-4.080676396584531,-1.3352964957118778
0.02715625889029441,0.06760405458589755,0.05636247189405104
-0.06453976497408911,-0.32146002665253187,-0.1697622675912937
-0.37008596993536824,-0.7062414235183355,-0.26171100450777296
-1.860251557502536,-6.120863114257715,-2.0514719994606776
0.7432848357104612,2.431005249247857,0.8077050677637532
2.0031064263605853,5.527222403417485,1.837766233358971
-0.8041224399904711,-2.2659388836514816,-0.7939672744824823
0.2664769156851044,0.8783175251308062,0.3253549593416803
0.48754838061321876,1.5183564975703647,0.6150801900134454
-1.8131713554389206,-5.587581197344211,-1.7611116815210761
-0.3342768714453539,-1.3881818355745192,-0.40933822069112913
2.0334684731481274,6.0319567115777275,2.0039752135059734
1.198995550016567,4.447886437504301,1.6100459735403212
-0.3594890551054091,-1.070778753485178,-0.3391199522281528
0.22089373424777015,0.5414214839330415,0.2613450995110833
1.4746241978120658,4.819622488590806,1.6279978718243902
0.2818939614013826,0.8869559269633311,0.30895811928679845
-0.8083132091717788,-2.2085773801351367,-0.7345745556489852
-1.2126620993389348,-3.73425229421407,-1.30945412853033
0.24462281363514737,0.5398234706898899,0.15320968082738473
-1.751930855002077,-5.075631038679444,-1.7539762983863545
-1.0821086882920377,-3.0473529303294007,-0.9821648332038738
0.2428724696522505,0.2044186273197735,0.06238258267703145
0.5543879411677289,2.1202132010056833,0.6746937284568416
0.3437858213257927,0.974870462597936,0.32886323102903253
-0.4592071731920989,-0.9189288631096416,-0.1571489017702693
0.34098066042534514,0.8620092386134772,0.3659728655975557
-0.2443507938142539,-0.9898389093219967,-0.40368765544355395
-0.4791773639918122,-1.3067387996996769,-0.3755819293248109
0.3545821363019485,1.2945539910908535,0.41913235881954897
0.09561343437476083,0.07275011932850453,-0.020574634220571958
0.2835381113064338,0.985934851524358,0.44477269807275877
-0.16250026828435377,-1.0411109531033524,-0.4954943744485636
-0.9054564750787768,-2.939235944791332,-1.1729912920035395
-1.0650352044566835,-2.226567837454262,-0.7193008922004511
-0.23166464513438773,-0.791149337526768,-0.3476798956756245
-1.7508146292681905,-5.218554954534066,-1.774255418818397
1.1422661770366231,3.476273865737284,1.0294706394937287
0.6818676651271723,2.3196604258669486,0.7291959216748182
-0.4793152821340318,-1.264627881859688,-0.3557831042684867
-0.3982920399815736,-1.4970891944697957,-0.4995889939500662
-0.824991908822567,-2.3791256312920854,-0.7737181756187783
2.2674655860908683,6.834902962087548,2.4266727477427215
-0.4495792145432791,-1.4069168528269036,-0.4289039464789784
-0.6082410667348914,-2.220711282732934,-0.7344669830164303
-1.8746162680509735,-5.457652197575867,-1.8067493823313472
-0.38206338492868713,-1.1150477780543437,-0.4002716612953443
-2.37923279285857,-7.316911662298906,-2.3109792633337047
-1.2200806802424635,-4.220797083301997,-1.387177679047662
0.4869533638910129,1.5076679567107343,0.5504198923219106
0.3974260334123886,0.7841275815367823,0.43811873823306813
0.5966364324952205,1.7027699575272983,0.4533841833313319
-1.5174740275318777,-4.802307182893611,-1.6199817722465968
-0.3045275678047569,-0.6530440321240425,-0.2983812675993198
0.6360458119882059,1.5389940268867366,0.49395216093809946
0.6308550695549977,1.4943391809895372,0.48286833566000575
0.8031698461865288,1.82615661332003,0.6711639814009425
0.9385911530271045,2.9585839885654566,0.9541648802409242
-1.7924991420123373,-5.254543105746716,-1.8292097693444505
2.169619296458515,6.9825084823710935,2.3143930285697443
-0.7143815808148337,-1.6041167564169905,-0.48230573109645847
-0.13327892719830753,-0.503114093056054,-0.16155566684351405
0.8681717425890663,2.08276710654626,0.8040605887586632
-0.23610827324919145,-0.510319998384087,-0.33998425247795994
2.3015761773122025,6.630193165638967,2.13415585101673
-2.4037633154987623,-6.55840371735167,-2.1847797543948135
-1.6864344871549783,-4.579643393825382,-1.5671924311794923
-0.5935770546683223,-2.317354183975857,-0.6876901152350099
0.6433712971293701,1.5115259214932695,0.48523421093504526
0.06413120372698936,0.4421542654110586,0.1488956952270614
0.9532640906778853,2.411558706932917,0.8472851641901643
-1.050014384530847,-2.5490748064760003,-0.602381113317201
-1.046148555469743,-3.164134175434742,-0.9832625116315534
-0.2254889060515083,-0.4076282081588163,-0.2782595873823634
1.5373399412523998,4.610644058112537,1.4903724546047086
1.1108443004956328,3.0724950661323405,0.9905624259050582
0.7935681448233624,2.1479666528576056,0.5860011845749408
0.4460971019295902,1.1081979360737177,0.4512273558988133
-0.6500015562821471,-2.178701347319907,-0.799269628513535
-0.37535108659109195,-1.6811644720301189,-0.566246669191369
-0.42345969685736196,-1.4851210500234082,-0.39201110462836264
0.7623157581104929,2.3491113579240896,0.683823410298551
0.9083264396034725,2.9132940098130096,1.0736131781740754
-0.08546668105618277,0.11372508336455041,0.013245276927142488
0.6169816268768611,1.4827031148352403,0.5072287579307174
0.8360359738384568,2.2840073385237787,0.7863992019285265
1.2001195487625118,3.4433896999255076,1.1428252456412056
1.1611645460168047,3.0472025316144515,1.0859314379492755
-0.07848526270209219,-0.5479270217104728,-0.12879520865481298
0.40570009272511665,1.493391752839663,0.4073851236195335
-0.943892297370752,-2.6609481559040438,-0.9129260071542022
-0.2485703071595991,-0.8597803502599825,-0.22126819256767574
-0.6392851713570997,-1.4603656922058916,-0.477977368457286
-0.7207909964845277,-2.1149223966058837,-0.6134005888877814
0.5663721773984788,1.9401383768338907,0.8270984739605463
0.535360882618872,1.7257123115992408,0.4994198728806344
0.6216994831546051,1.9557187723582574,0.5745578950685567
-1.3100616516910253,-4.0664609215764065,-1.3260845309665972
0.5640989785098568,1.3719925484706983,0.5647474092005014
1.612022978560063,4.539273418008771,1.5293654985999574
1.0752099549300072,3.340716943295309,1.140601627477296
-0.28521139948664115,-0.915666365635114,-0.405604636766033
0.33070280825982384,0.4432780533505278,0.21350659975655875
-0.8385298975287021,-2.980111250350204,-1.0257857837709925
1.3693804606630886,4.020052436673342,1.4727325817747081
-0.6603349792761642,-1.6908464596515125,-0.6389626863943512
-0.6516710728445306,-2.075347245368489,-0.6029875261227373
-0.7557052446388589,-1.797740253785248,-0.787194786541128
-0.6704088620058681,-2.1249129909070796,-0.755651681518351
0.37069763042632803,0.5340250573004253,0.10245729124402869
1.120826267834278,3.5063850531580423,1.2102988437392592
-1.8103645678078237,-5.492631643876235,-1.7666551503073369
-0.3517998454274704,-1.2301499836180503,-0.4433485038597595
-0.5787500099354422,-1.5252122335737806,-0.6037521122000887
-0.795085889908986,-2.516832956085003,-0.8710701805662158
1.0749869432626862,2.629348503993911,0.841998132905784
0.8377126288730935,2.2921437495421935,0.7147019124545725
0.5104041987463117,1.5554976310396802,0.6028710970913168
-0.3335294027502656,-1.2867187684497188,-0.3399427843537557
-0.4565481941746573,-0.5339452447180338,-0.25353767400272087
1.7582736287223824,5.147095416872852,1.6832896496616117
-0.13004983204837864,-0.8411919635453493,-0.26672021156168724
0.7009133554923503,2.161248201716364,0.6944552624907544
2.513398817116293,7.575780904675194,2.5066961394464404
-0.23666602874419496,-0.5127021353893093,-0.24916341498499925
0.9476533593831034,2.8179583126979297,0.9456106082197155
0.19216201256342832,0.5628334142848727,0.19057553288504978
-1.1947400595670112,-3.1608837069099205,-0.9378937934548848
-1.2144375898301258,-4.38904731850784,-1.2654816880937256
-0.14254581431673596,-0.2236969569285491,-0.0876988139532818
0.6166344884967473,1.075816610894704,0.32145997450054675
0.2625194314214308,0.2875030436121436,0.10812119422797484
0.16647034424885682,0.16707432796249336,-0.12433309321436431
0.16357059668797813,-0.11946877516561648,-0.17879005799817116
-1.2320422249589305,-3.7876837769885396,-1.2489215307630823
0.5421375790245606,2.131044117767468,0.6630764288794233
0.5758317239623768,1.476357796121898,0.48096547553919433
0.105990142479085,0.35891672258655677,0.09255683505643382
-0.5474914415890474,-1.3906747218372812,-0.3915858651596389
-0.10785654395998052,0.09401559054317547,-0.09373110408987936
0.8592737405533561,2.202743909074749,0.7793627075064602
-0.3046888291675806,-0.9452904592844001,-0.48965226917703475
-0.6546039680315221,-2.594552662546242,-0.8685442115337161
-1.1473205810393972,-3.7742608043280126,-1.3035347856119153
-0.23486799586852958,-0.26471337992797395,-0.1605388204784669
-0.46729737002648647,-1.516060048091908,-0.4564473319015463
1.8362377781695218,5.356471092656222,1.7333726217450773
-0.357795903317032,0.14107442143100002,0.2066805981605106
1.9580266858432087,5.61799398214322,1.8908472365672817
1.6657873422101626,5.104915778828393,1.695082713420263
-1.62437757361105,-4.574852876077297,-1.5761194962352163
-0.9719254688621038,-2.930403852424312,-0.9919950135339467
0.6886127730355326,1.8851975070744806,0.711376252135344
-1.0110949604423902,-3.5191598716047077,-1.2501314015961993
-0.7919175712713757,-2.1673885430836455,-0.6977565561148438
-0.968576688268508,-2.384149210564081,-0.9623535040770107
-2.1237838028672846,-6.303914929676977,-2.1623013351364473
-0.7559957432428746,-1.6735960781263712,-0.5614640524926869
-0.28613514036881293,-1.0610811257767965,-0.4523090158832167
0.9523091418909709,2.6212648682984523,0.8599187440138621
-0.3795833117519453,-1.0241740669996813,-0.36008443819204616
-0.6588983808484533,-1.8862609588339523,-0.6301965601621028
-0.5650005854730764,-1.9840880399820304,-0.6376430228100561
0.3536723223011633,0.5254269467710229,0.02410016896248196
-0.4272391620904438,-0.7317847353812972,-0.412218596216035
0.28619928458820687,1.0944958138846799,0.21289221950829157
-1.4552821642761882,-4.1126273382796334,-1.5035782104787059
-0.12838212064403942,-0.9116377265525193,-0.23384754647476397
1.055958163090633,2.646214573361935,0.7938658670232555
0.5122203527144248,1.7246274357440394,0.540431287532751
-0.6056976977955714,-1.9798141163419518,-0.7103757598072657
-1.3629915180878933,-4.526505421048455,-1.5904792033283235
-0.2754210331412282,-0.13931022692011802,-0.15330025457189095
1.0747160448115292,3.8296302140019516,1.2594478525476924
-0.17917472221667768,-0.2540997293815722,-0.18518497612583032
0.44016028104507077,1.1105792339959906,0.3353748127769389
0.8211816319813243,1.8602665288717335,0.6586406256178157
-0.533373684529311,-1.297771812187928,-0.47925141863709153
-1.5995949127926286,-4.2522398508236945,-1.4269790455450975
0.4034887198501925,1.2298577334354122,0.34178352105759174
-0.6972724603964062,-1.8024206334886324,-0.7023751381738109
-0.9036573822252488,-2.7980246122809844,-0.8044738778088765
-0.03829319008760845,0.16844461810814848,0.05074423190423831
-1.529991968691269,-4.077252743266637,-1.3821783697158228
0.42357006903293903,1.4866425834393946,0.6459640683118064
0.9180008003661592,3.280581793715813,1.0209480285650456
-1.3480879037626619,-4.239759782908989,-1.3943637978726513
-0.1530694175446442,-0.5017591069380425,-0.3011852900666052
0.7126648023267689,2.1237511840957173,0.49163273254217427
1.1012884495869837,2.848416885485586,0.9434226666240517
0.0582348088544031,0.80225557984813,0.2906968013760427
0.19642921659097443,0.3458614556635906,0.056870476692655714
0.19432345785347704,0.5731601142504751,0.14643350645536934
0.4026007117690503,0.7699722971601745,0.3683675422517264
0.1657199220920049,0.11405801813335069,0.0787665391541223
-0.33158113796678296,-1.1085891813757935,-0.29870072357224614
-0.12446842531625996,-0.06283382513207578,0.03221294941026365
0.761372625072367,2.3529862912244366,0.7026482101944087
-1.200121055443202,-4.205630482996853,-1.4790455477279854
-0.9102017550241241,-2.5003528831927433,-0.8297164140254288
-0.4370811879949861,-1.290534430975164,-0.5505597306034142
-0.49418811210489205,-1.9761893896821725,-0.6916209333108291
-0.40067152406340306,-1.3176346133015975,-0.49166444471020776
1.4742747936061396,4.334124137099075,1.4489032395569976
2.691509476485008,8.095080660999177,2.7687391370545726
-0.7566001863782884,-2.177215465057579,-0.7303736672408068
-0.992091463973124,-2.673123935702212,-0.9209301390727122
-2.0909530589357406,-6.0165156163727715,-1.9085144085055727
-0.014298241076569768,0.2428554719844018,0.10355605286498411
-1.3101213604658664,-3.285408427808734,-0.9660309184345928
-1.2055682062012218,-3.3824973854119396,-1.1764634162991965
-1.5137097099209873,-4.352902517409545,-1.5646810011228434
0.47475434731446214,0.6948025900714196,0.25047039954637235
-0.040481429026469756,-0.1760007000089533,0.024980545488872727
-0.9059908587570945,-2.1784293343652927,-0.7708531613309972
0.02994788305962859,-0.5936037965924501,-0.15241920797214512
-0.7662305336825636,-2.576965737089316,-0.8995057139464286
-0.15381588669994894,-0.2224198619060427,-0.061236041285236034
0.18096945850135754,0.43277870201903335,0.2228396229276749
-0.04359101642167863,-0.09814348893457808,0.036256062182304455
1.3189604127407677,3.9839311017828987,1.484097055126369
-1.6585254416766675,-4.75327931715831,-1.640330121376496
-0.25699845549916034,-0.3866120333707043,-0.03788582341653815
1.1433570207777817,2.938381081032566,0.9435573020063204
-0.7187748320690717,-2.7997305176423626,-0.9950433768930345
0.31549483647044846,0.9188830431371477,0.35125583719596387
-0.3874761691126285,-1.8295506265830241,-0.6188542946350666
0.4195074396169174,0.9390355273160687,0.2780427912873461
0.8846561094054846,2.2058717157207877,0.7498414118654784
2.0514533941825017,6.187119691039659,2.2627059455468377
1.384556417201571,3.7094024691633245,1.1043723017877918
1.1724976873493858,3.679346755005463,1.3444417084267386
-0.834435086547913,-2.3948195996897867,-0.8439249608914603
-0.49815371786705737,-1.2046443444356079,-0.37358831027508055
2.532979570197031,6.851637516649277,2.359739648116144
-1.4889346213756844,-4.289571186721916,-1.4129713113560936
-1.1006445118047936,-3.0875552380698927,-0.9871729218752723
-0.24900245902306858,-0.6848587998840356,-0.1839033588918268
0.7480602280655332,2.354564008791584,0.7754046368249471
1.094855852544759,3.0449957475885787,0.9366002769559996
-1.0090567350864927,-3.2764081022284155,-0.9832191801713502
-1.1778173829644256,-3.6092343200347288,-1.1857619383203863
0.3132010125615585,1.1352979112110937,0.3077163691993407
-1.8288173731864599,-6.282324323463513,-2.0196409836673106
-0.6717485275050639,-1.7952364110218753,-0.5427231490337181
1.628317231201515,5.181810733786813,1.7852317393076196
0.2283562501243157,1.092847156465329,0.31962537731663104
0.16457543016531956,0.1573927845387706,-0.07164921817381859
0.11961245643394086,0.6784578847477214,0.12980837789636746
-0.026407936488883135,-0.19940226638939676,0.0806362070407175
-0.26006589341656494,-0.3811497197707808,-0.12900732758377123
-1.9364707357336395,-5.415693121112456,-1.8350961698205681
1.4918497825721522,4.338478196512188,1.4321392460745015
0.576566997587048,2.405893420772116,0.74731346336644
0.12468027029419365,0.5967401189333246,0.019776322064132545
-1.4698447550213465,-4.282263134109885,-1.4898820393770678
0.28463338033126406,0.6743577954593384,0.21480596189896495
-0.06011043634293796,-0.19749054436363614,-0.09131489809733566
-1.5351718792991629,-4.675988046969225,-1.5650524139754862
0.17333530463725894,0.74459798298593,0.39002778162973706
0.01760292231751247,-0.10978392563641687,0.04372438776956265
-0.24265796667788164,-0.9625211264789421,-0.3639699669884691
-1.3537366359136938,-3.8663847246510143,-1.2923184009769804
-1.0736951784439879,-3.22150903234868,-1.0367620656792869
0.08127601928155868,0.27653893533548796,0.026740301302853625
0.28261430113877056,0.5575846289372702,0.3712000509782211
0.7306360414424766,2.220798233585132,0.7382867301088519
-0.6633248782375485,-2.455876984938556,-0.7511477416972866
-0.6426033741932994,-1.6398350576771084,-0.4343620591596886
-1.1779247675663367,-4.1579075482703445,-1.4198914956139606
1.074568402206568,2.964371912959439,0.9976723438182024
-1.0385373235698403,-2.8156497813476795,-1.0244168906483522
0.822841363319425,2.425640847883994,0.708066424996477
-1.9089635831193559,-5.936439285233164,-1.9638638070378258
-0.9849991643080818,-3.6469015327622687,-1.2373136880967333
-0.6857122245559906,-2.3303714705797036,-0.8966231735157963
-0.40455050104712986,-1.3990543270843576,-0.46652747759718155
-0.863953551914223,-2.7358201503970725,-0.8426865699758653
0.8074430698508217,2.6984852424538532,0.8913384316203187
-0.8383405934486711,-2.993191392756274,-1.0692627743587042
-0.8882633553398552,-2.2534999489920033,-0.6942531304595987
-0.6777870499867288,-2.3326833869905492,-0.7427765471894686
-1.167555188107785,-3.633515078170033,-1.099297061271783
-0.08371756724901423,-0.4652950022480674,-0.07919702872518392
0.7479236883692199,2.8263885856086057,0.8314214907843791
-2.064967615735236,-6.132373649643087,-2.031302444897779
-0.8990627578473849,-3.0699386012028667,-1.1180919007833103
0.32893382634366686,0.71548028398648,0.1791530174731433
-0.10283187939540842,-0.3654327714595087,-0.1317998884133572
-1.7950412510142806,-4.6198208686342985,-1.7180854168863935
-1.5964900719769604,-4.491038223215266,-1.566420556325879
0.7154013437434671,1.9744465296407299,0.6931512994991327
0.22994664398078635,1.1698410149825658,0.39234513774598095
0.7910686308477347,2.549579380152102,0.9280810478935543
-0.11039525637872843,-0.16482642807343012,-0.2734375723720953
-0.528905858927331,-1.8910991616788195,-0.782014613336665
0.46628070180423387,1.5431667190530223,0.5124718510598928
1.302991874763297,3.3778998671436193,1.0719736370931092
1.2254534396928658,3.5289217687792354,1.1487504193047173
0.08880436118637512,-0.4503955709992055,-0.15899133955001366
0.5044497543030458,1.90671422743405,0.5410902014790424
-0.3840581926618945,-1.4726407796034484,-0.4807403959055058
-0.40081553234782474,-1.4363004149933636,-0.7243886551138246
-0.051084126147257825,-0.29021509083303626,-0.048105218378167294
0.6461691000747342,1.6276459996113857,0.45483384635840723
-1.0331504498351018,-2.398033483421409,-0.6734310064527471
1.4639322664444445,4.600536662087707,1.539073888118077
0.16906759134981095,0.3829442794296449,0.019701368638464806
-1.7638673539154224,-5.099596907658892,-1.6846336299982207
-1.1434918242805912,-3.30790036565929,-1.1367095220807368
0.005609472670110041,0.4931550866174809,0.2619547644214406
-2.0073622151406503,-6.04500247400404,-2.0217501841741576
-1.513843106693239,-4.75209274935949,-1.533142337056031
-1.5873577644511365,-4.68226027928817,-1.611630564327474
-0.6984996939791506,-2.040170280576138,-0.6944058788943456
0.13386735755993315,0.4596322688177084,0.10032280800449606
-0.22098855381251603,-0.8627273653823113,-0.35408290942577425
-0.6543973497083924,-2.421887698366919,-0.7087747501960636
0.0297292161695569,0.032967421634515395,0.059243813166143786
0.26157010963206345,0.5531370399106393,0.05269144625747865
0.9929671165315825,3.047991853149882,1.0400161327515325
-0.09960997834078829,-0.3171031412926843,-0.11252233583228939
-1.1183882025656975,-3.1771554349596096,-1.0505112002749866
-2.4319856481553495,-7.728774567452855,-2.777811784361258
0.6806784715987464,1.5606736584707501,0.5701666061281002
-0.31160384993816,-1.16594178878917,-0.43720865222746036
0.639479596999486,1.191613643354897,0.47541871660271495
-0.19908742096317428,-0.16452302817549258,-0.1485870911212389
1.5116786788202887,5.022619396306141,1.6577076456338138
-0.020037276590846156,0.11423013492361445,0.08921432469862042
-0.6875739401604894,-2.068201079792299,-0.6996791295163736
0.617501824870169,2.4693378714498357,0.8149748114050995
-1.1267704757136077,-3.4788779565080366,-1.1969120763971102
0.39099982117477133,1.268727473171302,0.475418354176798
0.27945937425291373,0.7736049067201594,0.24684058108995677
-0.9608651551128224,-3.2420254670927515,-1.1453346747250257
0.467624925350161,1.5548357094813892,0.37720279726451567
-0.27397008161566644,-0.8747780206712892,-0.3918706063755966
-0.38159166311118076,-1.530924207100081,-0.5260174925562564
-0.2911754679539993,-1.2302712257636799,-0.34171317538056356
0.19215021534807616,0.5662121908458965,0.047179260229216674
-1.7329793188412703,-5.567524657714392,-1.7981509678213672
0.2613912201797297,0.4879078357889626,0.17062160941157128
0.8094078109504401,2.1831860459219468,0.7950184727503514
-1.0334031831177042,-2.7536433671919323,-0.9435610735436805
0.43642886783752505,0.9607425687450953,0.38774366506834784
-0.13814761123593827,-1.238754085354732,-0.43550525314445165
0.3892031521023365,1.9765486633087033,0.714962716302846
0.5637371594396576,1.897822156421958,0.6296360714219799
0.03679661656872173,0.027077405999440946,-0.03552046172765383
1.6540717681561827,4.596690855598047,1.6810363844171048
1.15059010838998,3.171341672281959,1.1201437073202025
0.4836060374147646,1.6324319488849117,0.5933853268245811
-0.8833868331569827,-3.067756384079029,-1.0912693918830132
0.2985934884862702,1.2596565772523771,0.42724280769943135
0.5318992163202549,1.3598714168507535,0.46586840752045705
-1.7138717627138522,-5.032132897520726,-1.823980461177424
0.7525258226493652,2.7049658741189377,0.8640432187633577
-0.3010220273642777,-0.8276561925502653,-0.1907651908748046
-0.24221418728996646,-1.0028646184246568,-0.3816890974727019
-0.178056300498823,-0.6337385636378967,-0.2971524857555791
0.8616177186347991,2.4019424023969242,0.7407601998312503
0.23801014023439132,0.8298548705106338,0.4009198039508094
-0.21875579196197287,-0.5374127209167567,-0.3419932424866975
0.6273460216293626,2.170884975379157,0.6867712740740306
1.0829154096703733,3.207445338078956,1.058115273453606
0.3608555636933968,0.996862896879514,0.329779660053915
0.3177878247299423,1.0938528545631292,0.31729486778212584
-0.3525185939878352,-1.574136428969803,-0.5335838990823074
-0.7212140846528288,-2.364665673511979,-0.7869528562930389
0.1346951830418763,0.6495701589035412,0.19792815026955085
-0.2544490812661496,-0.4177373377325022,-0.1412462370669723
1.673447496966017,4.791455461523235,1.606605716829533
0.8346023210055711,2.2939664574339536,0.88232007868918
0.291937468375374,0.745025873812131,0.29648953134308836
-2.4458448573830704,-6.937609769628354,-2.298365185185628
-2.0618470289013056,-6.4250430618730245,-2.320609849915406
0.009286037827743399,0.31036134903941726,0.12105157886240243
0.5274187556952703,1.3418124029891494,0.3621369854138155
-1.0629853758097725,-3.5039019622809757,-1.0545093215201933
-1.4666110347266867,-4.395710400774975,-1.2633114511734456
1.5609192213069991,4.585177011640022,1.5299251457834595
-0.050302369253584694,-0.567395968889826,-0.029268755967783958
2.078251135400104,5.756263293063855,1.925732939805344
-0.8381349566803279,-2.377118098441429,-0.7829076457951208
-0.6708495298485979,-1.6772354262139115,-0.5522015339306965
1.9887114720188381,6.306951528790447,2.099161004025464
-0.518936161919104,-1.8382435083893238,-0.5016288920896019
-0.15540197548656068,-0.7587866428578505,-0.3270056267256469
0.6008913025734093,2.4670371797243082,0.7910117432147998
0.5835051383783249,2.4541783498503906,0.8424603863720213
-0.8958302649434229,-2.776531609560069,-0.9260313005445703
-1.2744219926536036,-3.9125226986800796,-1.26266460784352
1.2395226086480446,3.820468692223339,1.231522041960915
-0.4209040735524066,-1.032766189652839,-0.31312940433358816
1.1427441297411993,3.389813526941721,1.1711370289854592
-0.20984501773980613,-0.04214512934996699,-0.018023234215221312
0.7380926763826835,2.4624204616819574,0.9415306129420865
-0.8525475339051904,-2.4122784361772576,-0.8567413365371626
-0.6495765207862826,-2.164249333636833,-0.8830682999729588
-1.1685466419244759,-3.479756515261682,-1.0880442447132026
1.0004637263390617,2.627991257560257,0.9562705217560343
-0.7085117221304638,-1.4632419170245663,-0.5120956131924409
-0.8233015488214217,-1.9660645880107515,-0.7420683992366316
-1.284266954466819,-4.173979544960511,-1.533459815580902
0.46817965016262914,0.9877515665578288,0.4508146991532697
-0.5495912450879096,-2.125454134777313,-0.7806671631487806
0.1617862864977445,0.450576909868156,0.03363917747467918
1.6992790229606303,5.559190643227894,1.7744891639319722
-0.6232859944039802,-2.2019664825609264,-0.7967352840005477
-0.13680826485618458,-0.7865293811718526,-0.24197313371471302
-1.4153073995523324,-3.996751305888311,-1.3240124932911796
-0.7152649196430904,-2.1864527333480437,-0.6350920106154333
-0.5011817139765326,-1.6128237852331881,-0.44913776011971845
0.22452083743883247,0.8718154983634039,0.3834655244729638
0.9019501625691481,2.5066204173782705,0.7578941160159627
0.6775075091514409,2.6236838384229206,0.9608082813883643
-0.9222653141418792,-2.4168102075879596,-0.812048963302153
0.10526744198382706,0.43610623506518015,0.16326581351775132
2.7210011025193235,7.33137259459311,2.3515354906014614
-1.016903414779568,-3.212269460432195,-1.0028671384291654
-1.144044763437443,-3.8259649856441897,-1.1723461423541377
0.9395792562579108,2.8542308728013617,0.9381390564872004
-0.993203262258052,-2.5163586949966597,-0.8431354012489534
0.4051970091724728,1.2093357949630839,0.2861891173777113
0.44559159618050886,0.6412006489598059,0.13031645052178692
-1.688803957273326,-5.301435172883708,-1.6613957446150727
0.10981519176220611,0.10922107790157176,0.28729085549497946
-0.30748783498392074,-1.2214607582991495,-0.5597166779049976
2.5869907992490555,7.489792209470289,2.593392245251168
0.3489460775831211,0.19084518861180716,0.13427435747191824
1.8853519996361634,6.122714153435872,2.1217895551020365
1.360935182896861,4.5486898802730495,1.4343311823245037
0.9368700578064635,3.0446547841899303,1.0690506075925161
-1.3284683335863363,-3.522777905591373,-1.1213364097172358
-1.113660490492331,-3.3365939944186866,-1.012969156522709
-2.3080737218444902,-6.737885468470472,-2.176485559338086
-1.9356861000660184,-5.165466569015098,-1.785244739792563
0.4533583915435295,1.4333781040557447,0.5119741790141911
-0.43923180284576946,-1.174054555193407,-0.4008182172658298
1.0531611029945924,3.083848634478036,0.9320415756163728
-1.049082484922793,-2.699757380453979,-0.8873942426910398
-2.047392796688704,-5.712228683116706,-1.8651509985017636
-2.318034318617468,-6.94917759542472,-2.332806770954827
1.2356613590145953,4.260307745467323,1.4195274171993095
-1.599895165318715,-4.777201265466685,-1.670156818203965
0.9646870758074105,2.957946605888693,1.1009328135056984
-3.0986262506912365,-9.161989816018703,-3.029866224385894
-0.9462125679986384,-2.3376127015903543,-0.6562707077828933
-0.8528246829248272,-1.8478997267489217,-0.5579218609365753
0.7951744146121746,2.3873826892251078,0.9567511427490888
1.0826058542210126,3.4194561168693904,1.155991791221059
-0.5724229534784553,-1.7497842346599881,-0.6511289029220719
-0.59408697519899,-2.1877674564508656,-0.7581903997122491
-0.3789562223475221,-1.1074445365490133,-0.3590207391169318
-0.5300009807017616,-1.0413684682568056,-0.3642085900637835
-0.36884664950763946,-0.8183233206024666,-0.21896554854473863
0.6810695138296556,2.538344722030192,0.9278949324229644
0.4399979215969013,2.0650990300328695,0.633614541754683
0.9597605566896068,2.7057232165740173,0.9716534859444939
1.2749086700753658,3.4614458263348946,1.120106708082503
0.38568314234990553,1.275342815787126,0.42793254932907454
1.165912063018829,3.079216600860107,0.9613349963388191
-0.10479345652069577,-0.13496996064652883,0.0028371942331095606
1.1605489513222542,3.2207476153395316,1.0878355972878104
0.565284490701219,1.2920724757322692,0.3663904661169043
0.2655268818093389,0.8585194018296044,0.26989007368484064
0.39869317506934954,1.5367069121507058,0.6059264093526212
1.0478672522623629,3.1946529571936595,1.1293438120902866
0.9809799880613614,2.8628741822576824,0.9730286160936614
0.29322537046018804,1.3527655159662715,0.34999902606182076
-0.708434727163786,-1.8865604049724398,-0.6734528040835481
1.9028061126960383,5.629970178036965,1.9069931179114459
0.20105566507796124,0.4208858278844482,0.07281609673202297
-0.5639378131196009,-2.2310978375817463,-0.7308914563289634
-0.8406750512913945,-2.1276706895243076,-0.590371956625446
1.2605787714573784,4.360113147124826,1.2791250958912166
-2.25047112753175,-6.12712150905739,-2.0520856409564985
-0.5001220645184139,-1.7509444483526817,-0.6367692531820507
1.4496874849467591,4.633838478585102,1.4754518956704308
1.9029656976891196,5.811650424737906,1.9524819062885919
-0.6499162527331253,-2.3207390912741683,-0.7376033373504668
-2.0171413512884797,-5.716025494712709,-1.9924144819016698
-0.5035631175694276,-1.1724750201148137,-0.40114380723577764
-0.0794671618329042,0.2813338917058979,0.2010628911643903
-0.6781921836987127,-1.6965150538170086,-0.6092550361678619
1.8616287660584845,6.020298918961034,1.9862077392068231
1.4616344944844213,5.049639147655342,1.6968048980762898
-0.1071048459130192,-0.43165163111325977,-0.15979205866867272
-2.1680375335570936,-6.689620998383776,-2.15356820007725
0.31529413353715413,0.6738759786943299,0.3763561415524833
1.5960413334882497,4.789115474658963,1.5787381208032623
-0.0841018889758095,-0.28612179014501754,0.0061677295915656405
-0.07423445857387002,-0.350059642592491,-0.12897424692147075
-0.7727512168219624,-2.3387521510934266,-0.7612384041169665
0.41746396177156075,0.9312501496703076,0.28755981716353596
-0.45258936049668497,-1.3220874523037944,-0.43117822125343713
-0.6002297402047325,-1.7200384257603456,-0.46341464671262855
1.0091348474123751,2.925878262014846,0.976023517027804
2.770783619686126,8.423002135781323,2.9272406095443655
0.9470234934692976,2.801665510820177,1.0137047210134773
1.349336625108575,4.455582244560295,1.5832428653934116
0.42505469969639376,2.1878740100659213,0.8135949539058864
0.34315913935165965,0.6935177198421391,0.27663628111078387
-0.7218777239784977,-2.1943664852577887,-0.7740574973600022
-0.1772747457997361,-0.5392467731004265,-0.21581541915846156
-0.32774641192805565,-0.8947086204366639,-0.22594546089884748
-1.0445894472720167,-3.544733274153737,-1.2259683887389148
-0.008040889281978852,-0.2719968165341399,-0.12432006836625095
1.9780979360604705,6.0599869251166965,1.9521611886826558
0.5894565213265666,1.1097909984349332,0.415697187244847
3.2412276023794813,9.677229723842771,3.2032987205229593
0.8156911671780533,2.7052314946024225,0.860716763431499
0.7053817438075058,1.819928304675961,0.6325073306740201
-2.1772623503918376,-7.148767005641499,-2.3857588196263753
1.5725546038793077,4.932373127430299,1.6649268389111382
0.707733499243447,2.1748623787514423,0.6381359092805461
-0.4192102333593538,-1.0735844694376877,-0.46274670648665905
-0.9280524473045801,-2.362632858298376,-0.8136313726403621
-0.49167931044293767,-2.1047860768286637,-0.728646863488605
0.18936157945493357,0.4880777039960464,0.1852970502541035
-0.623699192858796,-1.6304959515183073,-0.5757803407986454
0.7878231045178961,2.310582208276841,0.9628861235287678
-0.4950991775408017,-1.4890660607001174,-0.5839836214006401
0.7325795733915951,2.4376436711334413,0.7538448502406192
-0.34920260645896717,-0.6661900464707534,-0.21491921818052
1.4443244972091565,4.424519252559465,1.5558872732368758
-0.8725810084622285,-3.313084592002893,-1.250263361756461
0.971218783337552,3.003320168651753,0.9433839604519022
0.1300172385068935,0.9911369977138271,0.44900979143308684
0.9995970757974959,3.0474937860246682,1.0396046950072637
0.2505642118159669,0.10231981488702796,0.022882441722034408
0.5381244851906896,1.6135728486339633,0.5269833409413962
0.5758610521062031,2.1007032324954693,0.7883774608885488
-0.6207912297571949,-1.5248451896013937,-0.535156373871759
-1.9669793779598244,-6.367751827855524,-2.225046637065648
0.5273719131409372,1.8275262268957975,0.6582470571782307
-0.5370749425801141,-1.3262033088765248,-0.36106221955127693
-0.11654790175960422,0.09229812765403043,0.05369630134258155
-0.7429834508175491,-2.439710630525548,-0.8624039457249003
1.3623878288813716,4.602624926336511,1.5704563303199752
-0.7558978743122157,-1.5702471974653518,-0.5371992041475792
-1.524646533626549,-4.275972122706258,-1.4536516437130436
-0.8646798055692585,-3.1915619591292375,-0.9737040794801959
0.024382196758004362,0.37967940212873047,0.1193138574991758
0.16810426474639628,0.11857608344537454,0.07628604311433866
-0.24872422351954596,-0.4017307092578703,-0.15198994855520387
-0.3747116441728532,-0.47661536773435764,-0.2529386828255366
-1.3210716902556583,-3.580162586273934,-1.2959967924374407
-1.0935322289691314,-3.6174024615285703,-1.2015692326417116
-1.2134428753121334,-3.8572657118016767,-1.2638183708473452
-2.2180020986987867,-7.188778593497648,-2.350397157763195
-1.0113736093247725,-3.5020634948422322,-1.2248835335892516
-0.029259126652147888,-0.6214187724154736,-0.18382829365387013
0.09284929961289862,-0.39745938940977926,-0.11598432576324988
-0.5647354133576186,-1.5275455538404061,-0.46915619300846123
0.3053014384722196,0.68025328658266,0.22300185563500957
-1.6193930240577956,-5.060770247481464,-1.7278246087164573
0.7695085252566334,2.5494453630785747,0.8383680023361347
-2.2035935496339722,-6.690828753703528,-2.205751384192984
-1.159139902232224,-3.0779736635193795,-0.993612834902064
0.01760654482995269,0.48839032689540596,0.15063010468286736
1.1985543036415751,3.6280698012676926,1.2129925371468064
0.1522386147882433,0.6513019436495633,0.2635442799948875
-0.7082367696783619,-2.37333768282275,-0.7896413473868669
-1.8627134593684829,-5.720691704756167,-1.8629788305990929
