a,b,c,d
0.5102297803462956,-0.6389162578285454,0.10452471168144471,-0.14194240153198245
-0.01111636695835233,0.20742411679568362,-0.9202920998753673,-0.05798309441104737
-0.2185265424604059,0.8540820398097266,0.1912723292241748,0.19246868060506378
-0.11402716302991878,-0.19186786027806266,0.29136568807504204,-0.10381424613575746
0.0976809145207127,-0.1682375948059942,0.11472556655920028,-0.17014013061986824
0.025601074173308695,0.42959621374680274,0.0269219440480149,-0.18902212356995984
-0.040589528814771986,0.21749146692203702,0.763009547460135,-0.013680578849086383
-0.06900757553273054,0.254789450186888,-0.08024553229082271,-0.058849467314646214
0.20683322675757485,0.1350006187028466,0.18849231844206524,0.14520184785899526
-0.6656739313594257,0.4203600559107493,-0.1521607877951851,-0.4551091272069942
-0.06402334639163522,-0.22778152222763798,0.16204217242129104,-0.15534318530853575
-0.006273460894818639,-0.09217039786901017,0.20334155205655843,-0.17926866537784653
0.04719921938719127,0.25969131899927345,-0.11129152109130473,-0.2666877339274914
0.15545442163375026,0.21762775608484744,0.11509212956781381,-0.1991525479831418
0.08837936063006568,-0.4820113110581453,0.3139892339958539,0.148801635849203
-0.392038413846609,0.004902233241867074,-0.5543322680731047,0.27480519308810025
-0.5869495011301789,-0.5023151892049934,0.18058144854273048,0.33770891045457535
-0.6568912452575878,-0.6107218903597,-0.24449984984760148,-0.3679251621031026
0.2662818087792684,-0.8492388256387117,-0.3083362421620735,-0.5849236052577262
0.404747097539575,0.05359863503579152,-0.6450678776653166,-0.7908364223248274
0.5014058057745852,0.4795574117074181,0.22323007215060497,0.430925309558043
0.18758780568567435,0.263106023154217,0.11165201085229631,0.02256090880651504
0.3800356464705628,-0.19431793284574858,0.02192653710754386,0.19546221335447295
0.13216188563138612,0.3807146097294839,-0.43858090862362226,-0.32933006969100964
0.025328818970785354,0.4530114677229133,0.4367290111482956,0.2629323014837997
-0.07422314721018172,0.1589903173880429,0.23362368258434973,0.2769906822204111
-0.21345646416375683,0.005452331332663936,0.07564867227432938,0.14977069781647004
0.013468338079592863,0.48890698386224635,0.3782077049001023,0.3333615604140277
-0.507182291782742,-0.00231527194054236,0.16563688553222766,0.01577934468219354
-0.6711930806203801,-0.06175022528670382,0.265240900962476,-0.3181101286176726
-0.3788757482794292,-0.679390692922567,-0.02931367136557124,-0.11870749430814037
0.4361963641834473,-0.4164829852059032,-0.24972831067376372,-0.3303017418263504
0.5272208438137529,0.4284044724504198,0.07142367233478275,-0.47780045899955176
0.05738399088126283,0.22987215607667985,0.6546997580948497,0.4043179762553393
-0.06480930826812646,-0.03846735473921439,0.27058312100151727,0.11459758155267577
-0.24560908070666415,0.0691820040693124,0.5907792274458171,-0.029972193531508762
-0.18808826133972145,-0.4543382643906538,-0.2887844367447926,0.09560068909358695
0.17508310592669385,-0.19751884237578055,-0.21217587468487284,-0.1061058500118893
0.06968033269714398,-0.28860941535339324,-0.24291681580656266,-0.07557871683935988
-0.18185562860149254,-0.11362261537996257,-0.3923761650616392,0.012921539710071303
0.17690594286098546,-0.2459874199919387,-0.11232237004625187,0.24175377284295868
0.19657374211142617,0.5107379367438073,-0.6825130925269072,0.11419414039995558
-0.08125627327098531,0.24788526469403963,0.5414095051082407,0.3681115574963782
0.24358641792301192,0.01908007118397942,0.5635410928057042,0.03737200135725023
0.013471805316905706,0.3732103004472268,-0.1254410557255293,0.4955356143762698
0.2574960024020367,0.6093056394440165,0.23593939850175247,0.03820039229232977
0.09326120102213874,0.4552871732495758,0.24919174392010787,0.10233492966741
0.014451170474219184,0.5374963568470444,0.13026120953700787,0.40316324425329997
-0.15807564979015834,-0.1494182754178455,0.17179777510667307,-0.24625280489838547
0.00497246005858136,0.12474950285387851,-0.056043159387900006,0.16402942180703947
0.40903804090549933,0.08969975926380164,0.12987776709579468,-0.15570697437465575
-0.32025296307172074,0.48971632549044064,-0.38081026838502363,0.16590396212817676
-0.06763067654783275,0.1309757373759703,0.3013730464411709,0.01917088300860792
0.07595143137857993,-0.1677541469041189,0.039895023128927266,-0.16567143297394635
-0.01844714166070134,-0.019197688814066045,-0.3171514425594401,-0.08448031812451054
-0.5382745801123953,-0.055125676290908476,-0.31199249421212344,0.3218392098449744
0.2098267708078343,-0.8728175026526269,0.00039750800238193273,-0.041736908455074745
-0.2197135533586503,0.1488693998298398,-0.6827537628878939,-0.7379507929834684
-0.110611873685972,-0.16853235695160293,0.12337286444976446,-0.19240352573888256
0.13179785699320296,0.08115610692680206,-0.39600285123226947,-0.28555634659305185
0.006275242941301426,-0.03704941581882923,0.48869012196484274,-0.008743501487722988
-0.25139046050028946,-0.19819197422010892,-0.038449684846169244,0.6464335234109138
-0.0948441725558245,-0.17383301367326742,-0.0003134387035269304,-0.006580100448044641
0.551196383630512,-0.2253471095963573,0.07305932239882265,-0.09815526102926644
0.2655383700302066,0.057874662496970264,0.2955525525391655,-0.08254617169656885
0.06164848952292035,-0.039186007071497414,-0.14480528642278168,0.44421786928878937
0.2589546694322539,0.2255897142937532,0.2767716578256691,0.3246683315640129
0.058906392225663705,0.42423822310776904,0.2950341243929343,0.008762852602243437
0.19329945808017474,0.4262945566563972,0.3343976760035999,0.053373793830033905
0.2183377348563654,0.674434238612728,0.22445095103604856,0.009321110195119619
0.009568163962616928,0.5597559022321117,-0.02091730913001505,0.19777604463096143
0.2999796117327408,-0.11268469261674273,0.7360856884914907,0.2539130062885725
-0.07726305696721139,0.24411797916483724,-0.4568680805174339,-0.13613026886692936
0.44127334299388565,-0.24091745506189868,0.6198196194349364,0.14459538940543867
0.3369203895928881,0.28372797749880374,-0.7169667316961492,-0.18565750907809103
0.1148474770639242,-0.009333957899681222,-0.1524294979439256,0.3342468020773685
-0.13938425453158215,-0.3449636649853659,-0.17709586603640393,0.4004906076160204
-0.1463133684269251,0.08437961494305299,0.15759180842197246,0.071294962509038
-0.31168350955173024,-0.41515368956734106,0.04828328616619369,0.1436025792596895
0.004917130167993146,-0.1436372125742559,-0.3806853434451038,-0.00536666284782486
-0.116843765435782,-0.09950606665531425,-0.4164258065030821,-0.5644791795596206
-0.1438579260468924,-0.37361638093529115,-0.3043653733559102,0.17046628733374286
-0.05554181557772028,0.5717884666325184,-0.011265128752134007,-0.22256097478456732
0.1833934724081819,0.13608997107546988,0.20024223343180356,0.19652688244544395
-0.1571534574844289,-0.6158063867433541,0.28697467098402163,-0.1848627782221897
0.3400786815917497,-0.36479642992982864,-0.69561271307952,0.4879818263099883
-0.200858844965488,0.23418403550038958,0.12531411949479504,-0.05781006576371335
-0.0603179978225442,-0.07986772684113984,0.3619830361349613,-0.014659765044486545
0.14059665025943313,0.09006609673291593,0.5312639838988946,-0.19460374721314644
-0.20058813474821657,0.2958493254432061,-0.040746349542159825,0.03910414279344533
-0.006973496317079705,0.19606419482413068,0.028092690245568763,0.054258275428147616
-0.6394228615666483,-0.1980002922681935,0.5115264295203237,-0.2806999527726093
-0.30325377678644355,-0.7817728424331327,0.016258382447154468,0.040662117868546815
-0.3573674702648941,-0.16268097659315,-0.4431258776207495,-0.16317422900361164
-0.23184337115977677,0.15994281375947877,-0.0032757333019445417,-0.19601195647659359
-0.17607724463378877,-0.19950578066997657,0.3186608275235391,-0.2637937816702863
0.23432051950027044,-0.00801089520375109,0.20694503601739525,0.07601220295991659
0.031129287316095558,-0.31451225616951106,0.06943556324182913,0.1004265236735179
0.04694892780999639,0.11372159188332334,-0.3223379909720445,0.03375689023488605
-0.22620747541276498,0.39039758895513427,0.11351760062244118,-0.10600041311306141
-0.37820462188996296,-0.13811241350393175,0.6144162308114749,0.141302321899827
-0.25677131763428573,0.07191364271023643,0.2673544685969551,0.1207799313278051
0.14584995354018296,0.11996006907855203,0.18255862934806824,-0.014262337658442953
-0.16583634323728075,0.4949784305028549,0.13576909240792787,0.36482872724198423
-0.543729262052865,0.13451354134242607,0.5671013649401917,-0.0055156782907644225
0.0043652244582435135,-0.17335185265245587,0.23177917994630154,-0.2261248028016421
-0.03461141259724266,0.2318127459180716,0.20665131683066978,-0.2743068832270681
0.012335837240552549,0.06066801150642605,0.41009458730721665,-0.2611087435338868
-0.3297992910391129,0.04881402934152524,-0.23719798452170138,-0.16581364559475595
-0.04438592363316371,-0.10291116672225524,-0.23629383979807603,0.20718607217110432
-0.45230584027541687,0.08984719076739277,-0.4613251961593382,-0.5001204581193824
0.07009431433925782,-0.4047275654613411,-0.14048890043878448,-0.1356064478206729
0.13027701140669443,-0.025154813814312532,-0.270418611414433,0.014925887925212128
-0.15304224577449022,-0.030562733731332337,-0.14695812368963224,0.3307824130582559
0.21724296536462134,0.21005515649021825,-0.028303428680906104,0.03245171831402157
0.2566418420798151,0.08497542926862192,0.34420244131235533,0.09689995271905662
-0.12325113488098627,0.1715969365361259,0.025421280879386273,0.5528187259825716
0.6223056077950715,-0.08551806620758133,0.11505417847568084,-0.42924310055332143
0.17734419646647537,0.42102797244420564,-0.32379769098070993,0.12861043400601307
-0.35596961350733447,0.1335818954435489,0.30838237264450635,0.030018098583528385
0.14299126285021901,0.03474899216697516,-0.2597769812550561,-0.2544203415899041
0.17916312350231686,0.09768198197245398,-0.2802639400213367,-0.26958997064662293
0.008953454543147894,0.10430675030805034,0.2703654504805077,0.17469475703628762
0.44415664247369574,0.3655035537295895,0.23741783077348783,0.3678095615836422
0.41978624618961935,0.5422338919759997,-0.06885825981922597,0.21977869037481138
0.10202539598788507,0.7798882070164204,0.37582057643590255,0.37578426604196735
0.10281505571839084,0.6087073844282069,0.5512229141029696,0.16349746006566987
0.09783596108182008,0.05339957977223475,0.4361696091175504,0.05424596014658327
0.08747283359137462,0.5573161189307566,-0.06671291579826628,0.06579158251374709
-0.03237837016024278,0.31298128639326855,0.06686181899761878,-0.1193725926448885
-0.01634807453824187,0.16081929641864934,0.19186753353663966,-0.07696150937821347
-0.21997646585049185,0.14061740088243443,0.4650821908625773,0.06291076944593789
0.0030384631379368893,-0.02192266440133578,-0.14426191858098628,-0.08691016247557211
-0.06637391267269324,0.07264863769433882,-0.0222561545107477,-0.42508706920775485
0.26803248123423495,0.38753766790713523,-0.018577663993643988,0.10138137704205137
0.12039689174337392,0.4419192911283275,-0.11804629034898811,0.3667467789730064
-0.09288370444918108,0.46662225346472314,0.30741532536921795,0.050028956137478764
-0.05368991560732336,0.2292679813612864,0.08748543247006488,-0.027576188055485826
-0.13128303909365527,-0.4320548425790154,0.47413051843831333,0.09363617068857502
-0.031585363196123,0.13420932280964282,-0.5199431105741017,-0.04789190714441244
0.42503363651110027,0.242938247591168,-0.4691265419638503,-0.9052259971014759
-0.17446923822123608,0.5992851098687182,0.039798413756881354,-0.07180796595176607
0.11717401288816054,-0.25353627626807695,0.44275479528417166,0.4317930565337018
0.14018810763517708,0.1429777335754075,-0.31531010831237627,0.0326137052698274
-0.07886989670254141,0.44581507302134915,0.7354587114971034,-0.12053076348507698
-0.5593994975339438,-0.09469664082098977,0.3839910742965196,0.33963629093693776
0.15787397886853255,-0.6017719859756463,-0.25986165178468673,0.2734467864912228
-0.2415221298341327,0.29280382511528447,-0.44787377268503453,-0.11606882652588194
0.1282367524741194,0.06901820314866922,0.39542916062333644,-0.16051705666264565
0.10002762764764629,0.10361406003311778,0.12196383920854298,0.17547492715138158
-0.047771534752453215,-0.09243115729692937,-0.11467973002489418,-0.007174380584959339
0.17859833073977938,-0.2510086543582468,0.22973422153231973,0.12762806158933243
-0.02080806401337181,-0.24554521108245006,-0.10192232921158507,0.1465929864092583
-0.44560305948425194,0.24659246634968485,0.25233236651972796,0.18285465613435992
0.03382461269460606,0.3284904774604969,0.4682577730900942,-0.23588373494068718
0.0026036260020654498,0.033718033600992015,0.17579961132553584,-0.8361486371566275
0.18977193534109954,-0.1523037860241736,0.06282958796007304,-0.015431298953466087
0.25572823132272576,0.0360426142657342,-0.29785447611325966,0.13453761431594802
0.40236706747459905,0.10446348321908289,0.36591470622928535,0.16992035193929536
-0.052708957825350206,0.6786159198046204,-0.13675531979597663,0.39416257700617885
-0.13508828326215652,0.1774507789034956,0.1325632715536348,0.01190373179748691
0.23924541852248501,-0.020914968469336444,0.12491626040385495,-0.13894198731254767
0.15946925213645324,-0.1849827717041113,-0.29357854058666205,-0.11374614712661935
-0.1766764073673503,-0.09126738133648937,-0.13811461611978446,0.09720464720075422
-0.09096195663284107,0.2789553124095856,0.19344515219995267,0.3951417183072721
-0.02523289166786029,-0.14800114473732845,-0.18215384129659978,-0.18420637523886857
-0.5265354575352685,-0.185798525148408,0.09485898977916052,0.3553534849220102
0.13609463766397195,-0.6118447096174043,0.002385589354125389,-0.2111690966816892
0.23296237505481895,-0.024350755874115147,-0.183149032637047,0.3536293914138625
0.2772235508440563,0.7425335355019321,0.028532586927131655,-0.007577379455147457
0.38887080747131164,0.736525654732926,0.3438931494370213,0.14728729767916626
-0.2808582207033474,0.33267694403543413,0.700824732701967,0.1308767436134208
-0.19847668353609624,-0.49850918843897485,0.3083036386024864,0.41326411002557817
0.10942983398672268,-0.14988113200373554,-0.6425473098200001,0.2859801388084553
0.007751875649096657,0.017919601487562824,0.08580940170650395,-0.6499587347460767
-0.014566434203309518,-0.02608314756746153,0.10471852395311923,0.39697637063634517
0.11513674540036238,-0.4721335762843527,-0.10172323417060324,0.05564645613021772
0.05981915887307005,-0.3105400401068329,-0.7228264595594267,0.12924118099231022
0.09784760503599559,-0.010032861750493758,-0.6332065219695532,0.5068378017506653
-0.7054889152861465,-0.024035926500866445,0.5162664974182144,-0.006455929772558357
-0.08308022926341466,-0.7922342395487951,0.32403665430679107,-0.2693395449156948
0.046988747458305904,-0.1432648848289226,-0.777633394573856,-0.16627405300537387
-0.34459175331577035,-0.15946874273691303,-0.10029772586784308,-0.14881855027728688
0.048033317990258007,-0.03412082848104189,-0.17709812384234883,-0.10952268086595442
-0.11963789371789302,-0.06289328793036239,0.18023368516086513,-0.2439217159607635
0.07798230467255506,-0.11596871280040506,-0.251996931007859,0.24234825985108627
-0.24391385358255563,0.03874175552750675,0.29637630044871166,-0.33907760206566523
-0.06257990091932851,-0.5611237087828088,-0.10217192671270045,-0.33075964705818767
-0.10291277489236927,-0.26254885222532,-0.3317375072573172,0.26192260735995354
0.050163574175840955,0.05312234292902966,-0.1833322388198904,-0.09554984937218194
-0.19846274125950614,-0.4071313518706026,0.051684615003667236,0.3506788535960834
0.07938241971577847,-0.33349086132131023,0.14771615719217063,-0.08056590969370768
-0.13883344407267537,-0.2976295233217276,-0.45728179362961086,-0.17074522508567674
0.47198847814049816,-0.1933718926651131,-0.4513382655091465,-0.10769432651410558
0.03868225543913678,-0.12655183024862277,-0.09403462120552716,0.09880872715369851
0.08793951133908821,0.15827796696151838,-0.4046454504374285,-0.16505431268439835
0.3389815510740509,0.35888218704208097,-0.282185435824609,0.07287065502087145
0.07417827770834727,0.42734098798464126,0.28541997460474744,-0.07716624491056528
0.06364981507739317,0.15528766301059155,0.2656147344378266,-0.27666480453975306
-0.7360702925946536,-0.12969917835010608,-0.30775589607121656,0.10393856342654016
0.0318101208579982,-0.46892522563647154,-0.17668643989753985,0.05262760944057647
0.2981972855592784,-0.23027370764585833,-0.07422771173137171,-0.2279345781960352
0.12506052563655878,0.537179583161392,-0.3291325557714836,0.2531220720787171
-0.20722579126470908,-0.02363858872099059,0.08423895779761581,0.27546640645867104
-0.2763851675236474,-0.13556386756437055,-0.29954306057608865,0.3353476855462641
0.40376634430729985,-0.1572850368205078,0.32272484001399826,0.02619172409151861
0.623080764414508,0.28397225185276476,-0.4948411749590399,0.2206341655692214
0.09302436729621211,0.21979111875606705,0.02051549883743642,-0.18451144107369172
-0.023320577442554585,-0.1697302138662627,0.5139093662359948,0.5088174200647617
-0.41976562038981874,-0.4191270175135602,-0.2520685841305724,-0.43009685313592094
-0.11140457622087596,-0.3675670243410985,-0.46563414486474364,-0.1494499126460561
0.10243229579664606,0.22230289867998193,0.13499973865928985,-0.22229388355495927
0.23444873421161322,-0.07954080642210587,0.24748533005055454,-0.3011905142201977
0.22928308852106585,-0.15741730683095173,-0.2929722920470416,0.05425160148142723
0.18510391325190637,-0.222658070451225,-0.2364808957992004,0.16273456661816774
0.09428235941306067,-0.11352577562924178,-0.1205071063124723,0.0592964393640866
0.3698137613455095,0.18819335178750282,-0.4048155934087738,-0.4485821269631419
0.09893320232460681,0.5826197724058052,0.16576069230047671,0.2723718063260047
-0.10138171212609867,-0.18433393311042767,0.5658512852225618,0.22813313740016683
0.15064438934786906,-0.44400877392752486,-0.07442869618600391,-0.10196198621163355
0.23177608865741411,-0.10632207460501447,-0.4404544285470181,-0.20219003592268994
0.36228447734848107,0.15351099981424068,-0.2591086377473694,-0.1727916297468628
-0.18857371494554173,0.6422826711801692,-0.35391147849505505,-0.08511253425467633
0.12175784241613133,0.25896472819273586,0.38041438441849745,0.39563547598508014
0.21425589127544842,0.3706219681387462,0.17993083101901136,0.31002648454003
0.0968825214050393,0.5926224405317407,-0.02979282504964048,0.30712007715801976
-0.28938272577593227,-0.2121847120409791,0.5165793554296559,-0.08209538020018013
0.0613718886067408,-0.49420989103754864,0.2721738092273176,0.0646386386149824
-0.2612940597626138,0.02274361389611248,-0.09021644498453721,-0.3408820159771664
0.08817860730436096,0.3438426282226065,0.24365479258427092,0.04356652878039693
-0.1122456787988885,0.2705859286497141,-0.14260371527782692,-0.8903312384448303
-0.17579838914267146,-0.295100641095233,0.6258407812691387,0.09746987024336551
-0.2672604519152029,-0.4436259092047925,-0.05228005385659859,-0.25453787880618334
-0.1840273404236171,-0.2612186382852893,-0.25076610320703235,-0.05655273167409242
0.008050051022068301,0.173955954499559,0.2723776210109021,-0.5432218452854166
0.6631807982142817,0.08151103634602688,0.4417864410047494,-0.26826922112491647
0.23196428104835481,0.5483298186377898,0.09951486229652576,0.235856086265432
0.22282670053305875,0.011770682095728457,0.345558828862318,0.5656151277196364
0.23504431175531243,0.09250198157608784,-0.04375163647637824,0.10790261317383225
-0.2102634860311195,-0.12465118266475234,0.4712818396037255,0.0425974542203951
0.0006181894031767957,-0.33406156315619623,0.2621713427391936,0.5861829132920625
-0.03602264800448329,0.09775971400676078,-0.38705392402299227,0.34444199892968624
0.243080961003013,-0.20170656516714414,0.3943371735618956,0.10915369719650907
0.17079268478139845,0.24796238461106085,-0.2796773822784203,-0.13582073273316866
0.2082107613025016,0.16262512256963332,-0.05777718538221782,0.6595318049328349
0.007113377394247708,0.048039204035820224,-0.051089098922939696,0.28404558969249966
0.2625890911544421,0.09103400813859608,0.2658317575723018,-0.24302053965987652
-0.023265983263375284,0.09687436208755029,0.07734127534102567,0.14274263437316548
-0.4980148708343057,0.79606278091071,-0.13769562759726645,0.24657096867790604
0.1230635685918843,-0.0008904278377946107,0.5928231770342638,-0.725555986506673
-0.2327418413750515,0.28977210146295757,-0.2173918854749961,-0.5247586855305203
-0.6227871985500769,0.19718874238808842,0.32748374924595736,-0.1445586740468692
-0.14729171191457474,-0.4216301291261251,-0.14161921404500324,-0.18778160096240532
0.04235349935587779,-0.020408530089566668,0.049856541832314194,-0.3282709099074782
-0.10046711370095357,0.13357238180619996,-0.1646301659086552,-0.3881109079935473
0.2713609306013271,-0.14020675419608636,0.12229419434087435,0.1908205492427549
-0.21760334076350807,0.3341892865923273,0.026367562321989876,-0.0749307116658309
0.05993647457328463,-0.28658777830114057,-0.3294339201921025,0.08314323067606237
-0.21116667930007413,0.220719309189582,-0.11557198197030762,-0.24758476255165568
-0.025834561969385352,0.22806256376230258,0.4317341495186774,0.1296906177485913
0.1069646833762171,-0.048976819257472506,0.12002485564170576,0.035525671990629074
-0.004153225657247676,0.14656243832646562,-0.3065658706508504,-0.4272898008753835
-0.42150345913318665,-0.08623934123539057,0.4313382454764202,0.3587295277677822
-0.32965810740978313,-0.6931900624114515,0.14616887701010128,0.11746217060532568
-0.4042485620343277,-0.0663484750385871,-0.40301193229755794,0.10303606420078243
0.008643446114981981,-0.0664414720768183,0.04108461190835808,-0.41572363250821653
-0.05274391719219538,-0.1696705205286857,0.16812612174652747,-0.4677778469957319
-0.39040698619307157,0.1118313255937331,0.17994697856103764,0.36973117931922744
0.19861847624507392,-0.6301339578582092,-0.0982500770086861,-0.16288543594023
0.03721799189201895,-0.49098000786453194,-0.408970366046352,-0.142523607225143
-0.22731540707244674,-0.015186446628894137,-0.01837629195999796,0.123625404677194
0.22163439900906085,0.09496019398893302,0.09554089470804139,0.11920312072956211
-0.0457917038717575,0.48249979671630483,-0.05321164726553067,-0.29653580243448274
0.1701724668771581,-0.1383679015738785,0.42296569374853693,0.38905526529099166
0.05712349594196483,0.12774459867082286,0.14274117108748957,0.16638619272651953
-0.3704359762014166,-0.2652653241312569,0.41926755206989685,0.19462590163890908
-0.5908882605319604,-0.6326376341236573,-0.1623988706504344,-0.20973664849509582
0.0031279886632461507,-0.4847220485059386,-0.28424481045986394,-0.4914006640063823
0.16045917638057638,0.42406348488492784,-0.5090353766904108,0.008467239603804244
0.2826212107778094,0.34217848342033214,0.26449648667695413,-0.28342234760408913
-0.15751832789818032,0.44569339264573754,0.47281774792617576,0.39966665573739013
0.21437569685339694,0.18821750951965754,0.18688544329743212,-0.14066049971699557
0.09981522837061753,0.3093118511472686,0.1497670535100266,-0.4607372674341701
-0.10409807147186863,-0.2469923548244117,0.24354907430324532,-0.138556370800617
-0.05643872206873188,-0.023101657469905917,-0.1200188300881361,0.4033007297366096
-0.28121878049353094,-0.5824877707394064,0.22770735677190024,0.2998771072081602
0.30845256734317417,-0.20626384297809625,-0.23691933513730834,0.0066222591778318796
-0.2549748118306758,0.04938760553478069,-0.0026395789412414494,-0.29161369547430893
0.433315284418878,-0.5488193231278684,-0.06884481465752246,0.4547815531199545
-0.05765587848579358,-0.05449594315246889,-0.6889031769715137,-0.31428256058607307
0.37370873586581993,0.06147895802989574,0.10153444060736752,0.11639044010186267
0.29375917845358923,0.3055289567987561,-0.18225170853064715,-0.1366930012185504
0.11752313849148657,0.5523283684889977,0.1922726124764309,0.33880475363510326
0.5367174580508979,-0.026223650479487548,0.05721995490313575,0.41580814653484055
0.22537730752438712,0.3557184907802049,0.057504825896135564,-0.009173659330629705
0.18268072586729855,0.13581519302036532,0.4398829446821871,0.011256216809654385
-0.15887746723130672,0.18613266955847574,-0.020351629878116895,0.30673162563547807
-0.03339451723051518,-0.209885799899241,0.18247756368564155,-0.02239193584048113
-0.38688627326961544,-0.3296009647329432,-0.3274552522597469,-0.19540846607640616
-0.04335053427610034,-0.08276337551888566,-0.06640478959380386,0.4367875812119893
0.3203523971316179,-0.079402525721157,0.3696013240851058,0.09326237814486918
-0.03836484458491986,0.3011964238755903,0.23310904012772132,0.04781372417930088
0.25768797092459333,0.12856811697042606,0.38310288439052964,0.10814314551022985
0.15785060014135277,0.1203275308315109,0.2642212184116436,-0.43161579349499735
0.12700431170562262,0.4528765937605812,0.2350749514130326,0.14713805021062362
0.17193812407934372,-0.04277745499882546,0.09829317937238627,0.008896922439297628
0.009224123727721596,0.367236839235768,-0.2395552337824026,0.3317966496294077
-0.3796137808897607,-0.12346828176101968,0.24122701844041883,0.39570475830128826
-0.21764537653393612,-0.8084633566238865,0.036404960452323915,0.009457048320465398
-0.30243515532040216,-0.5229596103541415,-0.6878004213319112,-0.17263139657171925
0.11696345501303673,-0.6481752788895819,0.24382924482420643,-0.11765442707413477
-0.05834588977149763,0.1643096522772497,-0.3826850351204297,0.4291074660794521
0.27370492861504336,-0.09701514425272245,0.020429679631418673,-0.048936062414205894
-0.019474954547993598,0.35639664353824085,-0.21342629322149048,0.3822412936504173
-0.013358307119500326,0.014406728680531826,0.479840563690881,-0.33337475820535145
-0.22578551118433143,0.15335101566679646,0.023011321370672917,-0.0029851910623713953
0.0647836487444188,-0.2746387218455879,0.06760024448812577,-0.33703156474038815
-0.44531699029190486,0.3308335852027058,-0.40130530507280815,-0.2928494799294486
0.2703545304457772,0.013036085056002178,0.0936131420199337,-0.08698898417459586
0.043640775046393,-0.03755039853570849,0.1554824838874952,-0.19877437280697208
0.050969449868539095,0.22306886057460484,0.1650440435201383,0.6189515202999945
0.3991083525228256,-0.34865661797458286,0.3791531532624193,-0.24596944782716998
-0.2675517182926986,0.41450586358251,-0.39256334292585315,-0.041331969133953365
0.22361066710054148,-0.28134732967235754,0.05521809191583413,0.31081193762606746
0.3601220396007214,0.2561235388369688,-0.5616844416585739,-0.30031703590514425
0.043598828902163045,0.7826778847218115,0.3994202954285505,0.3454538663420258
0.31905528123541044,0.08025995986692484,0.6382771107666309,0.3302651925540735
-0.1707998660533076,0.24080338352175906,0.20282601811463513,-0.23633573255679366
0.17750106985627068,0.11586299224642019,0.4245740960125723,-0.008611727147305764
0.07192685507242377,0.5145446475303889,0.28306121704178655,-0.2814460675981881
0.0802110569301735,0.49216275918427127,0.32486661227760444,0.20230384723536662
0.6675871600176457,0.1300753763695086,0.3021924608582275,-0.20271686130431396
-0.022122387993251696,0.8670982332364956,0.05851408998565312,-0.2439134697707314
-0.22884400636570626,0.12435070598075348,0.7630606440523139,0.18909074187749553
0.1403225636852652,-0.2561170918466894,0.177028376838356,0.12461062716199867
0.18650653873246323,-0.04187534536811649,-0.20284847174164886,0.006235320819174689
-0.28100883136994903,0.17204614364543996,0.10547922978173661,0.34198941384319653
-0.06204996056244114,-0.2139006009421867,0.1499531610721218,-0.07823708529441382
-0.06257158413795941,0.028476290351002687,-0.0671872921369745,-0.4143771739674622
-0.09317896082350016,-0.5674674254128976,0.21893523797326273,-0.16723413473146442
0.040697462880955784,-0.4258891438337779,-0.39111674616101955,0.07551002281975255
0.25159754237442766,-0.37783377360487835,-0.06867198544125644,-0.09519405048110727
-0.1465300413491959,0.23526599922553462,-0.32266210235443604,-0.05536720236796443
-0.20903925215378485,-0.01554126602589595,0.15788447048576434,0.09059500470138664
-0.2850888929941675,-0.28116447856406845,0.08578387468818942,0.23422003630601265
-0.06853611368937484,0.10667658742620989,-0.1903545245043018,-0.392389941687521
0.13910969749378815,-0.2782509549914988,0.164858489676705,0.10568555534439139
-0.054104869432327826,0.028633845020684393,0.4306894000812916,0.017178622771184787
0.050329077859127075,0.15669698696007944,-0.010708122088789632,0.04971199223185402
0.10055331232662226,-0.5433729759143786,0.450737990550632,-0.3009299331714313
-0.25374622880783143,0.11892867947014094,-0.350988406130462,-0.28895057036595395
-0.002326524650304765,-0.4489391692879782,-0.1010389853523625,-0.32440989043548935
-0.21135015540734892,0.025784423466537837,-0.26552380093267425,-0.06678888464847155
0.18341636155449226,-0.1592289637001899,-0.1524523027422039,-0.07558353487819545
0.44353003265339863,0.10838326334572404,-0.028288998405579663,-0.1447586419089821
0.14538710012863043,0.4298504833798595,0.06365585128628502,0.05768221430541428
-0.17049302496668378,-0.04940267790571162,0.37640126733788326,0.42611993832435313
0.1916599239309234,-0.11786269731133465,-0.24249070203823578,0.23260062029031198
0.18736910527604367,-0.2629810687418175,0.11910251453177957,0.04699165278775126
0.4486227040054496,-0.19392684318068104,-0.49469669439522557,0.297149800535744
-0.36249266675794733,0.09844421442748708,-0.4025276572085821,-0.15364051550279811
-0.5519666400300982,-0.3022261457832752,0.30326740713897393,0.3530678018827387
-0.002980132824987561,-0.5243755658373515,0.16070154692453964,-0.07111925096464514
0.2582052255997206,-0.47012277040345846,-0.25772528424119656,-0.5912156224243359
0.1360989187877923,0.1573256639250257,-0.5885756203401666,0.040387283572854975
0.3146906454076079,0.24226450112277972,0.2482457833657956,-0.0740863273819779
-0.10727156323988488,-0.0213121918676612,0.18966934939497856,0.3705274554494575
0.08650644377371196,-0.07914312490412384,-0.2929971137612064,0.2835136713955915
-0.04213546682826551,-0.42572732861572715,-0.481890188897201,-0.14343938671226375
-0.23110369171672068,0.3181530532503444,-0.2677450173809307,-0.2105548891408236
-0.16733671081362414,0.2829598528890088,-0.028685339054386,0.1692144335668277
0.07624930416662144,0.2916239851069411,0.3168955744543013,-0.22641156936112047
0.14739817155097545,0.11469715886753275,0.4331302612178178,-0.1062367092307795
0.5232588263150119,0.09665791932468208,0.18572749929235907,-0.11957437093307693
0.13808699343335185,0.38984148990660533,0.10762252223402505,0.3078349562032375
-0.10337924283328237,-0.0527424324130758,0.5321705025274261,0.21967167873303256
-0.18403677338433272,0.21010438127068468,0.1625934222267007,-0.5786021157579688
-0.12727291989056405,0.10176608735927031,0.34805077368212645,-0.18049376591788724
0.3677525419950906,-0.2666251504416479,0.013143726555253823,-0.06465630434421142
0.07708559372596738,0.4230318422845024,0.0857550304514052,-0.07577704053353876
0.36865153153165586,-0.047413743524995305,0.22761026043617477,0.635998280716166
0.10405362570386598,0.5227083341948215,-0.13153578725923742,-0.0169424867852924
0.0012638170399721996,0.2008668609264769,0.2627460703288437,0.2142105348135293
0.17423751672642984,0.33841397341119256,0.16536403940950956,0.2264233140912959
0.26961347871619423,-0.0870068890320882,-0.16316022559610777,0.41088887424422416
0.39030648503238885,0.19826414060393382,0.03912834005580653,-0.1301063216673276
-0.25761484457017136,0.3898516071140833,-0.23246751022910705,0.38371482996950845
-0.21247777971263512,-0.0414248363976544,0.7427190460782378,0.6922396156833539
-0.10216103261376741,0.11849981120259459,-0.27554385460295244,-0.2796172881857309
0.0793898937927748,0.29893169507826856,-0.05830569380718824,0.025354996299207386
0.04853192525021861,-0.2066805794286224,0.16809294481486473,0.32408315935565757
-0.006241650917331296,0.1349130241797667,0.07888498527325719,-0.13282762658329236
0.3120627398864598,0.3969113442041654,0.4921468451087102,0.360320520375366
-0.0468183750464959,0.13850185042341218,0.06868531999693683,-0.22319038694800722
-0.2013947213112432,0.24108392175813814,0.4602693372741241,0.017790271839640076
0.16738737508577278,-0.41459597966026385,0.08077424853289933,-0.2687501467530734
-0.36734894760781256,0.07326663153708433,-0.24535150414886306,-0.20788280324769698
-0.19964122609549034,-0.48785107180545706,0.018469207892556825,-0.05396329124723623
0.023650375473508123,-0.51024057745677,-0.25718624373430377,-0.07137414550213897
0.31782817045994355,0.20509440128528922,-0.2812952723745235,-0.27753104256391686
-0.3906462775408047,0.2539168443000241,0.4885009686567454,0.42927298360411
-0.7104569648235646,-0.4221848446005292,0.07953625557626699,-0.08317125412807533
-0.09364346370368234,-0.5491485384439271,-0.40172686330889473,-0.22203170026063018
-0.4146259198210956,-0.3888620274001046,-0.5790197408565034,-0.1650318319327002
-0.4877161973211896,-0.4001807087016798,-0.05684920557396822,-0.06348743189558251
0.10666373641894272,-0.5629655434723602,-0.14980875650895537,-0.0006238354890523989
0.5807370998518535,0.17367596947512356,-0.007357573149408658,-0.26337600916344994
0.14292277733831954,0.8269170965117318,0.2611215795923837,0.41581580025323917
0.20877390765850554,0.7572846219349492,1.136196878575307,0.11393194203610282
0.510055309160605,0.3722569926051589,0.6156544095387776,0.054217892947620486
0.2863271687954658,0.139954467794644,0.06540242258132248,-0.07090441523246047
0.13523107164516268,0.45754127835307035,0.2812192873631756,0.37894133424074716
-0.11461241467732466,-0.27002761382602236,0.40513538668425253,0.200885645219411
0.07346753926656475,0.24327104229752522,-0.21383332881532452,0.0311646835098111
-0.5569871469292087,0.23506406603330848,0.15329304844008523,-0.24041223791831878
-0.00756909431359086,-0.608287557855873,0.024700242793342403,0.5383964208935178
0.19375957203176958,0.14216779076378777,-0.2009749893946059,-0.13860929106076575
0.09415514080336403,0.735199663633029,0.08073887463887913,0.18632988726918046
-0.029326928148610328,0.09472174627792498,-0.12541021893780208,-0.3682870164557298
0.387084537846885,0.37166602916881497,-0.04205275765094373,0.04911622110082048
0.2358678775517235,0.08319065689086644,0.6888848614739721,-0.2713868930733295
-0.12831124626331403,-0.508811750133834,0.43708997877411515,0.2316046806170181
0.38418766065401355,-0.41265591134700896,-0.24227161364232364,0.1522418123841698
0.1303816980093615,0.7294801449621116,0.30196916978773064,0.27778707438885597
-0.07072337775712832,0.4274296013411367,0.8138530315016492,0.35413417760059707
0.13143760503584911,0.13825845397627282,0.05558283491304064,0.13602941146365383
0.43016082130359257,-0.13331339191722763,0.11313459912429044,0.17262106433516008
-0.2524471705558322,0.24928983342960118,-0.5084010502824569,-0.07684866863280047
-0.40000079646566034,-0.36124749462261746,0.04148343319623807,0.16912338835678076
-0.12960684298504865,-0.9344770291601077,0.16345584992605883,-0.2067056250054913
-0.2992599732336277,-0.3875772488656015,-0.5295364505959921,-0.470290016752409
-0.16323662563641766,-0.3850812178375825,-0.11699022632856249,-0.25843121718916645
0.08072498701142172,-0.08476036260567484,-0.28741124270773327,0.14568294133689552
0.021254898803008713,-0.25061268889938026,0.019360160190512905,-0.05898288479298361
-0.005874727489949309,0.035368127531247996,0.4244900452643242,0.10277849785073978
0.11327374277126538,-0.06042079225399293,0.3505859208852541,-0.00244995282001576
-0.17787233532770097,-0.2354322201367123,0.09249945582204366,0.1828278694888132
-0.43271242400914495,-0.34075399449294863,0.007315769388896082,0.3190795739688759
-0.4168489997880901,-0.45618975980390264,-0.013547879097508125,-0.23155335256187043
-0.19630364568122047,-0.4956721310678224,-0.623577378441897,-0.22663940628688817
0.0364705387395237,-0.562659953578748,-0.2975654937088823,0.0472475791360801
0.05871197786805251,0.17747638797686244,-0.5035576777822867,0.23383452971345692
-0.18529172630567178,0.5385656685718223,0.002583675121720988,-0.16013583011451282
-0.260803615713365,-0.15268059097332515,0.2261733729085323,-0.14065155313274144
-0.13510697539778538,-0.039954843038168264,0.12068827659581355,-0.18691773278181628
0.28101524592452637,-0.3507366116667322,-0.2837905013357532,-0.4268933375251246
0.20586002052457808,-0.24436012511892657,-0.5779374646379767,0.24446454810872015
0.4683938215440386,0.44222618671555525,-0.532927770086895,0.15619319911609697
0.3002186897768657,0.416891198633016,-0.11860974334350266,0.026042566747503812
-0.3662410963398515,-0.03717352657920925,0.8072672880471912,0.4256006695999478
-0.4420155518657041,-0.6390993465021406,0.08786855534944915,0.010632017610341049
0.053768531609247217,-0.5693609940968818,-0.46771096258842276,-0.14414809089516994
-0.24989237083283514,-0.5303146863996522,-0.6712103026718215,-0.4203191698293819
-0.1037480698328193,-0.27214405483176596,-0.3645077196407502,0.15506099743956012
-0.24700855387448978,0.23208882131660713,0.3201932366480311,-0.04942544729761546
-0.005916392606540387,0.17022673414719988,0.30929595155691303,-0.013826680649150179
-0.04688186577743097,-0.16712715647889415,-0.1854493673398495,0.026633171288813956
0.2836821875875488,-0.3260359923749461,-0.13060134258532163,0.047277423373178765
-0.053633092956428326,-0.04467835588906596,-0.31410483968050285,-0.5224284745745925
-0.03004355484170911,-0.12190696098621479,0.49602525409064124,0.3859679774894538
-0.09659277437924768,-0.045562460851068486,0.34549464114909106,0.36770055212553615
0.022534828413133184,-0.11088565365369273,-0.3951948325535795,-0.1026453377746956
-0.04207344483680414,-0.18915830021191157,0.3560711213191464,-0.5263807046875449
-0.046697075974239666,0.039555858065551286,-0.01813997993087478,0.4296711494175472
-0.36337659218155566,-0.21814838463922792,0.0455613635819133,0.005525850464801762
-0.17352918202255796,-0.4825603994869927,0.12201810343685651,-0.2926095445934362
-0.18294100323507106,0.16103040457017692,0.11533883716507554,0.013592426536981783
-0.25615575919252664,-0.32165170775232527,-0.12463444760762496,-0.38356083545631436
-0.1597499179330822,0.08556025228583458,-0.15806568159805512,-0.2942601850166978
-0.2312143749216872,-0.39779116771373685,0.35226880236662705,-0.6510117627059511
0.016689823276524997,-0.5870932716273707,-0.529254654939104,-0.46609080693547394
0.23783498493727184,-0.1033393615636129,0.2974461931827527,-0.3934120144754997
-0.23327020738162468,0.29123562727670765,0.06590224525930698,-0.06900874215836826
-0.5598627721612179,0.23329749324353016,0.32289059972932416,0.2216859701339596
-0.2694224038031685,-0.20604624373105926,0.001833514246297796,-0.12760302355271874
-0.11146229334488444,0.08433350821373589,-0.2624873528027077,-0.40552487142845056
0.24254354783156057,-0.020408117813753422,0.03792910142055271,-0.22068509506784068
0.27377142493523765,-0.008578356125941516,0.09167141409832223,0.43332916378865516
0.14138724788349827,-0.019481494279840028,-0.31984550087031266,0.1562471743514015
-0.29278633351202366,-0.3169012239812805,-0.21712780228721895,-0.13814668623710338
0.1452731471553351,-0.6307186692957074,0.174185679034942,-0.12603345494762863
0.042720374149179265,0.15898540992268276,-0.37046579632638305,0.002779182711208139
-0.2550473511044399,-0.5315177014543004,0.035654953825380045,-0.35832341796356104
-0.21413912418961242,-0.040247276756675415,-0.41333147438265194,-0.1435488407190078
-0.3442819742990577,-0.24810239953045776,-0.08886493062629713,-0.555531459816195
-0.01492260800908178,-0.5671109138630619,-0.1266623500494161,-0.25092233018828636
0.22438726475975668,0.09842444757342023,-0.38660181776030517,-0.23671383472677426
0.13453608388934635,0.4982653136932067,0.31170489701070925,0.013941492112396732
0.089223462053089,0.547823808500437,-0.10000668514911343,0.24463755385864216
-0.22133800605208065,0.4706095843827022,0.2201823673602339,0.03446613716103559
-0.3269338601206486,-0.09038770260311374,0.49514111664609073,0.4589574059127909
-0.3892525426047864,-0.35989629403948875,0.9128618110682459,0.10869806911774627
-0.08426092353895617,-0.19969075897775868,-0.9044079839591129,0.22106630644456074
0.020026463907000185,-0.45034300381675174,0.16073135278672654,-0.37335014713441345
-0.2545456404887118,0.0763531151452588,-0.19304548708886143,-0.1618873649034977
-0.06986229700941471,-0.5034021533054271,-0.3124634241868834,0.23580474423629263
0.3153485075114922,-0.01659262225402082,-0.2338014856241888,-0.23902450141224968
0.030521419602726814,-0.016076161995311394,0.4287825258471017,-0.18043493985524098
0.10875488431460735,0.018995256117353917,-0.3605197432935839,0.6582400550204202
-0.07220650581289342,-0.11320375788921286,0.04101291866473923,-0.20778736583872923
-0.007033708999545556,-0.3075962161857845,0.06775132559276398,0.07372992660447716
-0.3434783470043774,0.2083615219725067,-0.15135681907599252,-0.31544054894314166
0.021654907684314356,-0.10091008787432806,0.6018676416166433,-0.21893306883351424
0.21961251375165866,-0.02216705633480457,0.09022897467458038,-0.2528157595787399
0.03129840001262293,0.27684407182714277,-0.31044114763103975,-0.5127341914574298
0.006218289033577218,-0.04575913454780925,0.20447891137914304,0.28476292482514765
-0.049602423468125253,0.3003060027672341,-0.03575613000240108,0.0502826563714216
0.2038532553610822,0.16322353167972134,0.1790496505585701,0.04128954576340826
-0.14235627582090987,0.02004575032602246,0.13892596016429398,0.18428217372694133
-0.12995721098358937,0.1217420412605291,0.5078888365951326,0.6590631857147304
-0.010098328686958914,0.2012698420723163,0.24234629308289768,0.12937602930299646
0.21901895361391147,0.16564470967381645,0.34968520862606256,-0.011305985597115126
-0.008657703785706301,0.25459952781576917,0.2444378997745676,0.3145648905184526
0.10484522606102255,0.23187776179039798,0.536326142392042,-0.09950364672714959
-0.030872839896404297,0.2573878123069734,0.17109442813303322,-0.24489637468585704
0.2554558213144745,0.01299737503931175,-0.06981476221483157,0.5459366892610709
-0.2569848136160356,0.19042556356529058,-0.14673224347197933,0.023312860742416425
0.1026498161942268,-0.3434840866814166,0.11010969065559177,0.1199929624788772
-0.21872219162124332,0.32453880741177754,-0.16822267249458728,-0.2018794836025004
-0.19900278740312455,-0.1766856831051301,0.25804036831390237,-0.04792558620554763
0.2844463824614787,-0.7921542381734327,-0.6405683816158934,-0.17351392827047177
-0.39424812701753664,0.07424693147918382,-0.6688285668940355,0.04699831820457273
0.03585192949590582,0.07395347693771026,0.28993451187533104,0.48170658501020414
0.15103705134713996,0.3149090671325412,0.1849097962847624,-0.3535254162361798
-0.2717682711581911,-0.13896568692376055,0.3369370909356306,-0.5663955537032183
0.0009351659944038249,-0.3882319096659548,0.10505025602410152,0.1443452016638627
-0.17642507355064727,-0.04282916944305624,-0.8106917917867393,-0.07065815458689373
0.09277031167399469,-0.5790788296424154,0.19848506096164253,-0.017873443873650138
0.07333986035141932,-0.36599437251297934,-0.21310736772228592,0.06051691241214312
0.023038890506808324,-0.23784308279233335,-0.034554219770433936,0.37583764820002286
0.11776794442160629,0.24440789481498376,-0.2872763115843958,0.09341032376279881
0.13254172166484016,0.17078008322240756,0.8804964530397346,0.13442584887732062
-0.09666818425171685,0.34351754828812575,-0.1424184355756935,0.17590705384606348
0.1928618371066674,-0.11926460143996806,0.1637148041573434,-0.14093285589545002
0.09303716070659554,-0.029931574588222237,0.3790751308739872,0.13179856503950493
-0.013884501563946765,-0.26992666731948073,0.5140288996441706,0.4567171413788523
0.1406179229261295,0.024569004748377733,-0.10681362632842954,-0.040211585918068234
0.5246560667348651,0.17944945689408792,-0.31800953965844864,-0.14593473487453987
-0.5149092328515623,0.5851789974388584,0.33390822955309896,0.5464976816196427
0.4481278350720795,-0.4423411565855865,0.5187016226363933,0.5635875490766493
0.31364530666271756,0.14535601985764166,-0.06130990688951035,-0.1342732801539393
0.42823357797545986,0.25869712506118653,0.05896211783878004,0.14276325928652756
0.014697170541707577,0.17022166564308808,0.10599047223963276,0.3208778410615133
0.14028238542272023,0.3879523603397893,0.4062369649709633,0.41360527142760883
-0.23914404422877356,0.31959058810677177,0.5637450286281691,-0.29819196901000855
-0.3077692474985104,-0.3393246224291804,-0.034040129572212835,0.02245808970439906
-0.2784486051634929,-0.1527216123441389,-0.5076969142306166,-0.14764858287203209
-0.16521603447384975,-0.44528623784371885,0.1744304570888039,-0.14758454672415036
0.11701700693058775,-0.25137962892478083,-0.09914816599302334,0.014881059005892372
-0.00043958497693592086,-0.3852725990316977,0.0560507743332849,0.09656134409486179
0.059426837317659034,0.016879721357238246,-0.2051685425469003,0.12686395316287996
-0.22506603905305891,0.0445604913609292,0.1049099162689332,-0.13893413845158925
-0.27325906428425467,0.32848581544124117,0.19526257336141778,-0.029502249356810423
-0.16324591346477793,-0.7882699190982437,-0.12837991207305383,-0.17161366594147562
0.30403682232538476,-0.7324691046857412,-0.6728008241504835,0.3429812457120093
0.2429545624310899,0.22134781959160615,-0.16260702680884498,-0.1050195387415887
0.01903148104614735,0.3968667167847585,0.3716424191196667,-0.0845956537402042
0.4008402672911999,-0.34808605822112204,0.09928642707045843,0.9175453883730846
-0.03248340688063048,0.40771585346049904,-0.46138568503569044,-0.05423696762166587
-0.17108748415375505,-0.04572349297138227,0.44470162938755586,0.6734447409867613
0.19993100140006365,0.2784587859497196,-0.14065008490686848,0.36448971419521925
0.19682071695563025,0.5405054412102342,0.09210474890696091,-0.13670098221924504
0.39651953033857174,0.38658876998553693,0.39293678938086113,-0.0467233929220644
0.06833819371677274,0.4705252721130066,0.4450629539895018,-0.017687693741347252
-0.05921817202896364,0.23743617796555727,0.039974053863658876,0.4630198098078234
-0.004358126311698576,-0.03146593928278782,-0.4422475881007918,-0.3557784793147013
-0.25627300118027935,-0.15064342991266993,-0.29271586469299077,0.061986196849682956
-0.017182371729344663,-0.2685592578723494,-0.6065075430369508,0.3470648913597661
-0.07313400825138439,0.09530610751910236,-0.3423557810180415,-0.14168528447131848
0.15896993714558197,0.021416135567920984,0.30175240868340863,-0.05555417159632542
0.5288856278789504,-0.3598790929439294,-0.12516956639137305,0.20338946443088735
0.04152566888841146,0.2038096823425451,-0.6794593872361835,0.3851147941947956
-0.4683616676637574,0.1841233078450147,0.17855264481732336,0.5068273582279045
0.2680770113063702,-0.4792070333223366,-0.08628365445997639,-0.06032469534356989
-0.38014327866184283,0.3165557529693479,-0.41568290526872076,-0.22302801485125454
-0.3640727835894303,-0.2222787571593275,0.04372339911002951,0.1215577307808496
-0.35343934651619047,-0.03963863126106065,-0.3151013255351035,-0.8560107794841247
0.08180036944873371,-0.3373711635843994,-0.2560922520346034,0.4165525483886953
-0.0064720075128198405,-0.33800141254309934,-0.3832384717381208,-0.10973697704683152
-0.06829973396760596,0.2445448379916418,0.03571220664392022,-0.16349021085255686
-0.014805672549272337,0.13863856100188565,0.045127364942540105,-0.1301475168668062
0.20631008096662243,0.1125470671294581,-0.27109677657812525,-0.185357215296874
-0.07265093160767808,0.12119944391573026,-0.11681933927615219,0.31687429556740754
-0.2674799818399826,-0.3146161977752205,0.12100589492019778,-0.46030351014225285
-0.32164593500245076,-0.08820665288568233,-0.5459971918615005,-0.261216691986785
0.19726323888685532,-0.13395733887514344,-0.05258654242278748,-0.09542674889251239
-0.13886270943693205,0.18653924877170308,-0.14635094016042147,0.4397679200909316
0.09893744539655565,-0.16145338993088754,0.10053347960265194,0.11462086367593141
-0.33236325824207946,-0.16791570423091334,0.270010160884889,-0.43406906303084264
-0.2181982263274385,-0.008232490712329149,0.2626058425609381,-0.20739750434649318
0.31639037765510925,-0.2501057931746153,0.4036333809190098,-0.06243379586528251
-0.012081761824761256,0.3617808460858735,-0.026686590788652598,-0.3173147703389699
0.5308333752356783,-0.044030711919020665,0.5197311659763172,0.04906999710222883
-0.35419404896885054,0.08084224606670731,-0.057207367594117146,0.16061559784764937
0.3662039851468097,-0.21876551449724713,-0.02137283672221306,-0.018932960236620833
0.058342471133389424,0.2952134037694298,-0.6991411498906749,0.1280280189417416
0.29262744867736357,0.6510137347694779,-0.03942465093647671,0.20747695833884316
0.058529784153514654,-0.033348594837038004,0.20629111450150403,-0.21862976816434973
0.1360749514756866,0.13940278167966513,0.31117522688545307,0.055391234035616854
-0.32735979745329147,0.2210985739568458,0.17816509641970812,0.19381022751874422
